轴,阈值,被拒占比,拦截率,被拒者精确率,误伤率,总期望利润(万元),利润_乐观(万元),利润_保守(万元),净增益_实现值(万元)
原始(未校准),0.001,1.0,1.0,0.19948653725735754,1.0,0.0,0.0,0.0,-1931.2944
原始(未校准),0.002,1.0,1.0,0.19948653725735754,1.0,0.0,0.0,0.0,-1931.2944
原始(未校准),0.003,1.0,1.0,0.19948653725735754,1.0,0.0,0.0,0.0,-1931.2944
原始(未校准),0.004,1.0,1.0,0.19948653725735754,1.0,0.0,0.0,0.0,-1931.2944
原始(未校准),0.005,1.0,1.0,0.19948653725735754,1.0,0.0,0.0,0.0,-1931.2944
原始(未校准),0.006,1.0,1.0,0.19948653725735754,1.0,0.0,0.0,0.0,-1931.2944
原始(未校准),0.007,1.0,1.0,0.19948653725735754,1.0,0.0,0.0,0.0,-1931.2944
原始(未校准),0.008,1.0,1.0,0.19948653725735754,1.0,0.0,0.0,0.0,-1931.2944
原始(未校准),0.009000000000000001,1.0,1.0,0.19948653725735754,1.0,0.0,0.0,0.0,-1931.2944
原始(未校准),0.01,1.0,1.0,0.19948653725735754,1.0,0.0,0.0,0.0,-1931.2944
原始(未校准),0.011,1.0,1.0,0.19948653725735754,1.0,0.0,0.0,0.0,-1931.2944
原始(未校准),0.012,1.0,1.0,0.19948653725735754,1.0,0.0,0.0,0.0,-1931.2944
原始(未校准),0.013000000000000001,1.0,1.0,0.19948653725735754,1.0,0.0,0.0,0.0,-1931.2944
原始(未校准),0.014,1.0,1.0,0.19948653725735754,1.0,0.0,0.0,0.0,-1931.2944
原始(未校准),0.015,1.0,1.0,0.19948653725735754,1.0,0.0,0.0,0.0,-1931.2944
原始(未校准),0.016,1.0,1.0,0.19948653725735754,1.0,0.0,0.0,0.0,-1931.2944
原始(未校准),0.017,1.0,1.0,0.19948653725735754,1.0,0.0,0.0,0.0,-1931.2944
原始(未校准),0.018000000000000002,1.0,1.0,0.19948653725735754,1.0,0.0,0.0,0.0,-1931.2944
原始(未校准),0.019,1.0,1.0,0.19948653725735754,1.0,0.0,0.0,0.0,-1931.2944
原始(未校准),0.02,1.0,1.0,0.19948653725735754,1.0,0.0,0.0,0.0,-1931.2944
原始(未校准),0.021,1.0,1.0,0.19948653725735754,1.0,0.0,0.0,0.0,-1931.2944
原始(未校准),0.022,1.0,1.0,0.19948653725735754,1.0,0.0,0.0,0.0,-1931.2944
原始(未校准),0.023,1.0,1.0,0.19948653725735754,1.0,0.0,0.0,0.0,-1931.2944
原始(未校准),0.024,1.0,1.0,0.19948653725735754,1.0,0.0,0.0,0.0,-1931.2944
原始(未校准),0.025,1.0,1.0,0.19948653725735754,1.0,0.0,0.0,0.0,-1931.2944
原始(未校准),0.026000000000000002,1.0,1.0,0.19948653725735754,1.0,0.0,0.0,0.0,-1931.2944
原始(未校准),0.027,1.0,1.0,0.19948653725735754,1.0,0.0,0.0,0.0,-1931.2944
原始(未校准),0.028,1.0,1.0,0.19948653725735754,1.0,0.0,0.0,0.0,-1931.2944
原始(未校准),0.029,1.0,1.0,0.19948653725735754,1.0,0.0,0.0,0.0,-1931.2944
原始(未校准),0.03,0.9999874765184721,1.0,0.1994890355546093,0.9999843556890536,0.030509527690656423,0.030926826402540037,0.014860825995021105,-1931.2629
原始(未校准),0.031,0.9999874765184721,1.0,0.1994890355546093,0.9999843556890536,0.030509527690656423,0.030926826402540037,0.014860825995021105,-1931.2629
原始(未校准),0.032,0.9999874765184721,1.0,0.1994890355546093,0.9999843556890536,0.030509527690656423,0.030926826402540037,0.014860825995021105,-1931.2629
原始(未校准),0.033,0.9999749530369443,1.0,0.19949153391443744,0.9999687113781074,0.05485140457432676,0.05560236295043858,0.026690465470134258,-1931.2377
原始(未校准),0.034,0.9999373825923606,1.0,0.19949902936940322,0.9999217784452684,0.33913081063370043,0.33015635011868383,0.16466572772798108,-1930.94295
原始(未校准),0.035,0.9999123356293049,1.0,0.19950402665230516,0.9998904898233757,0.9286501450078652,0.8508368271959933,0.45048422108660635,-1930.33095
原始(未校准),0.036000000000000004,0.9998872886662492,1.0,0.19950902418556882,0.9998592012014831,1.0949225504045481,0.9976765541039345,0.531024221385901,-1930.15815
原始(未校准),0.037,0.9998622417031935,1.0,0.19951402196921303,0.9998279125795905,1.3803305642812418,1.2857482154918785,0.6691177792979329,-1929.86115
原始(未校准),0.038,0.9998246712586099,1.0,0.1995215191141841,0.9997809796467515,1.7343079152690575,1.6368307372120623,0.8401315375710857,-1929.49215
原始(未校准),0.039,0.9997620538509706,1.0,0.19953401560797185,0.9997027580920198,2.4118742169575476,2.27196198524676,1.167227990223253,-1928.7852
原始(未校准),0.04,0.9997119599248591,0.9999372214200515,0.19953148684029212,0.9996558251591808,3.130755477868056,2.925948639807443,1.5138742358133688,-1930.01415
原始(未校准),0.041,0.9996493425172198,0.9999372214200515,0.19954398536744256,0.9995776036044492,4.413987443830131,4.109539027558132,2.1321563416202323,-1928.67225
原始(未校准),0.042,0.9995742016280525,0.9999372214200515,0.19955898566703417,0.9994837377387713,5.379972210741135,4.998231641245405,2.597006302824428,-1927.66065
原始(未校准),0.043000000000000003,0.999448966812774,0.9999372214200515,0.19958399117860812,0.999327294629308,6.770501940563553,6.350870736265197,3.2654364011877344,-1926.20265
原始(未校准),0.044,0.999261114589856,0.999874442840103,0.19960897845621686,0.9991082742760595,9.587551804918297,8.932725804702942,4.618140256688016,-1923.71165
原始(未校准),0.045,0.9991984971822166,0.999874442840103,0.19962148747900635,0.9990300527213279,10.871989553901832,10.214133993066568,5.234283235889145,-1922.36165
原始(未校准),0.046,0.9990231684408265,0.999874442840103,0.19965652108509252,0.9988110323680793,13.066176081201665,12.307758088157376,6.285552959260585,-1920.05225
原始(未校准),0.047,0.9988728866624922,0.999874442840103,0.19968655967903712,0.9986233006367234,14.686071459352988,13.816731576264466,7.060916423737341,-1918.3454
原始(未校准),0.048,0.99871008140263,0.999874442840103,0.1997191116907219,0.9984199245944212,17.303014924985728,16.276050396917167,8.312013398566734,-1915.5842
原始(未校准),0.049,0.998522229179712,0.999874442840103,0.1997566848943962,0.9981852599302263,20.792781554666817,19.55731184426799,9.978869236575894,-1911.89825
原始(未校准),0.05,0.9983469004383219,0.999874442840103,0.1997917659750621,0.9979662395769778,23.860853891461513,22.398048249671653,11.442556334380221,-1908.6533
原始(未校准),0.051000000000000004,0.9980463368816531,0.999874442840103,0.1998519336461967,0.997590776114266,28.737897310636857,27.043528049065433,13.766510085685356,-1903.4882
原始(未校准),0.052000000000000005,0.9977457733249844,0.999874442840103,0.1999121375674658,0.9972153126515543,34.32549440758343,32.33103164242293,16.425875661353306,-1897.5626
原始(未校准),0.053,0.9974953036944271,0.9998116642601544,0.19994978028876334,0.9969180707435741,38.28885658025354,36.145420520940945,18.309919543636695,-1893.98735
原始(未校准),0.054,0.9972072636192861,0.9997488856802059,0.19999497657829632,0.9965738959027549,44.06170238683701,41.48583590829597,21.051110665455955,-1890.66535
原始(未校准),0.055,0.9968315591734502,0.9997488856802059,0.2000703544103421,0.9961045665743652,51.09260710254694,47.99718147219884,24.386016603422824,-1883.1805
原始(未校准),0.056,0.9965184721352536,0.9996861071002574,0.20012064545317448,0.9957291031116534,55.46856373500738,52.220525983505546,26.45915380756344,-1879.4838
原始(未校准),0.057,0.9961552911709455,0.9996861071002574,0.2001936059741272,0.99527541809421,61.49406407464028,57.84502406269715,29.310108657915716,-1873.0515
原始(未校准),0.058,0.9957921102066375,0.9996233285203089,0.20025404331312724,0.9948373773877129,66.95958290125719,63.10163924574836,31.892992036355892,-1867.94175
原始(未校准),0.059000000000000004,0.9954038822792737,0.9996233285203089,0.20033214649673514,0.9943524037483769,72.36174656705475,68.37200375126675,34.443161690878696,-1862.16015
原始(未校准),0.06,0.9951283656856607,0.9995605499403604,0.2003750267426788,0.994023873218504,76.78997518322662,72.80710568469998,36.5310089713057,-1858.38245
原始(未校准),0.061,0.9946649968691296,0.9995605499403604,0.20046837228041903,0.9934450337134901,84.67546656664918,80.35788787716552,40.24454100869642,-1849.92065
原始(未校准),0.062,0.9942016280525986,0.9995605499403604,0.20056180482950609,0.9928661942084761,93.41469479273763,88.56148088312413,44.35508680257129,-1840.53005
原始(未校准),0.063,0.9938509705698184,0.9995605499403604,0.20063256845474364,0.992428153501979,99.91121269951577,94.55469585455212,47.406955150701656,-1833.53975
原始(未校准),0.064,0.9934627426424546,0.9994977713604118,0.2006983662767245,0.9919588241735893,105.41342317773574,99.92867490310579,49.98823501183095,-1827.74255
原始(未校准),0.065,0.9928741390106449,0.9993722142005148,0.2007921191710498,0.9912548301810047,116.54265007943772,110.73914696586206,55.20723060735236,-1818.55855
原始(未校准),0.066,0.9924608641202254,0.9993094356205663,0.20086311326468806,0.9907542122307224,123.53473012933154,117.44606874358242,58.47972008396158,-1811.9372
原始(未校准),0.067,0.9920851596743895,0.9992466570406178,0.20092655709560958,0.9903005272132789,129.07832858255347,122.58707724332523,61.07148744537672,-1807.34895
原始(未校准),0.068,0.9917094552285536,0.9992466570406178,0.20100267717330908,0.9898311978848892,136.4872243737294,129.45264348773853,64.53059559881872,-1799.3232
原始(未校准),0.069,0.9913713212273012,0.9992466570406178,0.20107123457257994,0.9894088014893384,142.50998779792883,135.40371887448796,67.33918151372505,-1792.79055
原始(未校准),0.07,0.9908703819661866,0.9992466570406178,0.20117288709697806,0.9887830290514854,150.69913487611657,143.17174755572603,71.15313741346179,-1783.89585
原始(未校准),0.07100000000000001,0.9904821540388228,0.9991838784606693,0.20123909470223797,0.9883136997230957,158.131769005946,150.21403691842335,74.61011009819502,-1777.57115
原始(未校准),0.07200000000000001,0.990093926111459,0.9991838784606693,0.20131800301040995,0.9878287260837596,164.94491715409558,157.15717833888667,77.77512377664749,-1770.15065
原始(未校准),0.073,0.9896931747025673,0.9991838784606693,0.20139952168246295,0.9873281081334773,172.49842685137165,164.42175870349607,81.27922055033851,-1761.9116
原始(未校准),0.074,0.9892172824045085,0.9990583213007722,0.20147109091139273,0.9867649129394096,181.08211207718531,172.78225866964627,85.25550046896667,-1757.3745
原始(未校准),0.075,0.9887539135879775,0.9990583213007722,0.2015655081568548,0.9861860734343956,189.23148563039558,180.8871953849595,89.02587559059863,-1748.46
原始(未校准),0.076,0.9881402629931121,0.9988699855609267,0.20165266212945007,0.9854664351308646,201.01351794769235,192.39376243564305,94.4702171027173,-1738.5029
原始(未校准),0.077,0.9875516593613024,0.9988699855609267,0.2017728517804606,0.9847311525163874,210.26310663237936,201.56843159079244,98.73806660374315,-1728.35585
原始(未校准),0.078,0.9869630557294928,0.9988072069809781,0.20188049588244997,0.9840115142128565,220.41622658618036,211.82341684845397,103.41631065317814,-1719.66525
原始(未校准),0.079,0.9864621164683782,0.9987444284010296,0.20197031827241682,0.9834013860859498,228.99181072056638,220.47197837571008,107.36240891018375,-1711.59455
原始(未校准),0.08,0.9859862241703193,0.9986816498210811,0.20205509900801463,0.9828225465809358,237.36751547991773,228.78420655294806,111.21157852369235,-1704.4793
原始(未校准),0.081,0.9854226675015655,0.9986188712411326,0.20215794423404418,0.9821341968992976,248.710795340591,240.418235046825,116.42872640070416,-1694.38775
原始(未校准),0.082,0.9850970569818409,0.9986188712411326,0.20222476481057716,0.9817274448146931,254.70190271254302,246.26374741902714,119.17435120052471,-1687.76825
原始(未校准),0.083,0.9845460237946149,0.9985560926611841,0.20232522641701434,0.9810547394440012,264.358140910074,255.90432969920235,123.59338321876272,-1678.13945
原始(未校准),0.084,0.983982467125861,0.9982421997614414,0.20237746751345917,0.9804289670061482,274.6694806635714,266.28962480573693,128.3055632247434,-1674.48565
原始(未校准),0.085,0.9835065748278021,0.9981794211814928,0.20246265900958832,0.9798501275011342,283.53018672071585,275.005383582159,132.34940729877073,-1665.53315
原始(未校准),0.08600000000000001,0.9829805886036318,0.9980538640215958,0.2025455147723943,0.9792243550632812,293.5127740953146,285.1908991016307,136.89890051005833,-1656.28775
原始(未校准),0.08700000000000001,0.9821916092673764,0.9980538640215958,0.2027082164533075,0.9782387634736628,305.9382922151238,297.7824992484608,142.55675170464818,-1642.46555
原始(未校准),0.088,0.9817282404508453,0.9979910854416473,0.20279113673763569,0.9776755682795951,313.4706820811946,305.4823111727502,145.97978351623445,-1634.90635
原始(未校准),0.089,0.9811020663744521,0.9977399711218532,0.2028695063887364,0.9769559299760642,323.6152270270084,315.8423832835842,150.58357102440823,-1626.8223
原始(未校准),0.09,0.9805760801502817,0.9976771925419047,0.20296555511564643,0.9763145132272649,333.6808398114848,325.87200591035935,155.14867855403133,-1616.10645
原始(未校准),0.091,0.9800125234815279,0.9976144139619562,0.20306949165537863,0.9756261635456266,343.68428837358215,336.61257380915765,159.67483976318684,-1606.3153
原始(未校准),0.092,0.9794239198497182,0.9974260782221106,0.20315317043231423,0.9749378138639884,352.5275569761165,345.7613726718594,163.67009794046203,-1598.776
原始(未校准),0.093,0.9787351283656857,0.9974260782221106,0.20329614085372094,0.9740773767619405,362.77610580923294,356.0834275145209,168.29261905200974,-1587.2659
原始(未校准),0.094,0.9782216656230432,0.9973005210622136,0.20337724520234027,0.9734672486350339,370.88328402463225,364.31599141514295,171.94457449537953,-1578.9409
原始(未校准),0.095,0.9775328741390107,0.997237742482265,0.20350773803423183,0.9726224558439324,382.127129638573,375.82370972844393,177.00170294425823,-1567.597
原始(未校准),0.096,0.9770695053224796,0.9971749639023165,0.20359143285609915,0.9720592606498647,390.72156295560376,384.9495615976417,180.86163171750172,-1560.1031
原始(未校准),0.097,0.9765435190983093,0.9971749639023165,0.2037010913474486,0.9714021995901191,399.7433620760123,394.1945793871262,184.90673263241393,-1549.91015
原始(未校准),0.098,0.9758171571696932,0.997112185322368,0.2038398850087912,0.9705104738661786,412.8850052355035,407.8540213796166,190.79004012786626,-1535.5679
原始(未校准),0.099,0.9751659361302442,0.9970494067424195,0.20396316796589056,0.969712614007916,425.44905137681525,421.3394118086379,196.40646507290745,-1522.38635
原始(未校准),0.1,0.9746023794614903,0.9969238495825224,0.2040554084963121,0.9690399086372241,434.3625574599291,430.62762995694357,200.38531144297562,-1513.34485
原始(未校准),0.101,0.9740638697557921,0.9967982924226254,0.20414250633204337,0.9683984918884248,443.02687438020894,439.93347374786157,204.24605049640863,-1504.92965
原始(未校准),0.10200000000000001,0.973337507827176,0.9966727352627284,0.20426911645501217,0.9675224104754306,455.6766527445089,453.2114293270056,209.88001077131963,-1493.1445
原始(未校准),0.10300000000000001,0.9726737633061991,0.9965471781028313,0.20438275737755576,0.9667245506171681,467.7594673744164,465.92129377103987,215.259886327916,-1482.56035
原始(未校准),0.10400000000000001,0.9720601127113337,0.9964843995228828,0.2044988984655819,0.9659736236917444,479.2004688148885,478.18469097749664,220.34907405572142,-1471.28505
原始(未校准),0.105,0.9714088916718848,0.9963588423629858,0.20461020794925677,0.9651914081444283,489.7916050259538,490.0344915218772,225.04202076883502,-1460.3212
原始(未校准),0.106,0.9708578584846588,0.9961077280431917,0.2046747416895631,0.9645656357065753,499.91843483176865,501.536333237796,229.51947593541877,-1452.5645
原始(未校准),0.107,0.9699812147777082,0.9961077280431917,0.2048597213794172,0.9634705339403326,514.1871060135338,516.7402839628409,235.81694210995803,-1436.1917
原始(未校准),0.108,0.9692298058860364,0.9960449494632432,0.2050056206633675,0.9625475195944995,527.2530908630638,531.1029818073372,241.58826141283973,-1423.6683
原始(未校准),0.109,0.9685284909204759,0.9959193923033461,0.20512820512820512,0.961702726803398,540.4806208032198,545.8210749139577,247.40638488184354,-1409.8681
原始(未校准),0.11,0.9677144646211647,0.9958566137233976,0.205287814473548,0.9607014909028332,555.5560369927168,562.261989300997,254.02610509741473,-1394.2446
原始(未校准),0.111,0.9669881026925485,0.9958566137233976,0.20544201828683917,0.9597941208679464,566.8471606817991,574.7771661284987,258.97605136374983,-1381.2045
原始(未校准),0.112,0.9664871634314339,0.9958566137233976,0.20554850079042164,0.9591683484300934,576.3053856482211,585.5710154090932,263.1149465040605,-1370.2623
原始(未校准),0.113,0.9656981840951785,0.9957310565635006,0.20569049811310966,0.9582140454623677,589.6293902438687,600.1169086376128,268.9359165387896,-1356.2317
原始(未校准),0.114,0.9649467752035066,0.9956054994036035,0.2058247135014471,0.9573066754274808,601.6556073293243,612.8791352170032,274.18084153596004,-1343.33885
原始(未校准),0.115,0.9643206011271134,0.9954171636637579,0.20591940364410852,0.9565713928130035,612.3792546687862,624.489455040872,278.8594163297106,-1333.15465
原始(未校准),0.116,0.9636192861615529,0.9953543850838094,0.20605627396192086,0.9557109557109557,624.6765569814642,637.5453382509648,284.2046990876828,-1319.25985
原始(未校准),0.117,0.9629555416405761,0.9952916065038608,0.20618529886073975,0.9548974515417469,635.9642365969943,650.2777811788462,289.10161885617003,-1306.939
原始(未校准),0.11800000000000001,0.9622417031934878,0.9951032707640153,0.2062992125984252,0.9540526587506454,647.5585279690533,663.3050100067262,294.12327247426845,-1295.8589
原始(未校准),0.11900000000000001,0.9614402003757044,0.9951032707640153,0.20647119354964766,0.9530514228500806,662.9031523645335,680.7049747930855,300.7577250565746,-1277.9048
原始(未校准),0.12,0.9606386975579211,0.9947893778642727,0.2065782783839806,0.9521284085042474,674.7085129825399,693.6785186724446,305.85234708864857,-1267.75275
原始(未校准),0.121,0.9598747651847214,0.9945382635444786,0.2066904991780393,0.9512366827803069,690.7745110602597,711.656567598071,312.7737572947833,-1257.6391
原始(未校准),0.122,0.9590857858484658,0.9942871492246845,0.20680829949205437,0.9503136684344738,705.8211610511844,728.5539606921371,319.2441589911816,-1245.8235
原始(未校准),0.123,0.9585097056981841,0.9941615920647875,0.20690646354050982,0.9496253187528355,716.8742840665603,740.0461464484459,323.98849953907586,-1236.76365
原始(未校准),0.124,0.9577207263619286,0.9940360349048905,0.20705076235060282,0.9486710157851097,729.619039638526,755.1540944689395,329.4619304699704,-1224.9207
原始(未校准),0.125,0.9569943644333124,0.9939732563249419,0.2071948283082077,0.9477792900611692,743.2665331216874,770.6709197538099,335.2971433696267,-1210.45975
原始(未校准),0.126,0.9562930494677521,0.9938476991650449,0.20732058669460451,0.9469344972700677,755.4933763003954,784.8428528426792,340.51581508687605,-1198.44725
原始(未校准),0.127,0.9554539762053851,0.9937221420051479,0.20747643951607617,0.9459176170585567,769.4465089127846,801.2870982951797,346.4594966366345,-1185.06515
原始(未校准),0.128,0.9547902316844082,0.9935965848452508,0.20759443861490032,0.9451197572002941,779.5908170926745,813.3708778943932,350.77277045721735,-1175.1248
原始(未校准),0.129,0.9541390106449593,0.9935965848452508,0.2077361264241088,0.9443062530310853,792.2646342304618,828.0904263468759,356.1516205013673,-1160.04215
原始(未校准),0.13,0.9535504070131496,0.9934082491054053,0.20782495633101744,0.943617903349447,801.6823194682605,838.9025789105426,360.1530001552034,-1152.65935
原始(未校准),0.131,0.9529743268628679,0.9931571347856112,0.20789802220908074,0.9429608422897013,809.5157432325306,847.8113070831714,363.4815455924573,-1146.45475
原始(未校准),0.132,0.9521477770820288,0.9931571347856112,0.2080784963632298,0.941928317767244,822.8355579182024,863.6159572936265,369.1163464647212,-1130.5507
原始(未校准),0.133,0.9513212273011897,0.9930315776257141,0.2082329555178179,0.9409270818666792,839.0181316336725,882.9400747380179,375.93032173201823,-1114.6766
原始(未校准),0.134,0.9504445835942392,0.9930315776257141,0.20842501943525754,0.9398319801004364,853.1087617598351,899.2680372950982,381.8517510498233,-1097.7602
原始(未校准),0.135,0.9496681277395116,0.9927804633059201,0.20854268043412325,0.9389246100655496,867.780362017877,917.0162739494584,388.0038950314746,-1085.74455
原始(未校准),0.136,0.9489292423293676,0.9925921275660744,0.20866547009449402,0.9380485286525555,879.6899001975555,931.2117410670382,392.98818498823147,-1072.80295
原始(未校准),0.137,0.9480901690670006,0.9924665704061774,0.20882372366422297,0.9370316484410444,893.6830062767882,947.9089039009638,398.86931190781127,-1059.94915
原始(未校准),0.138,0.9473763306199123,0.9922154560863833,0.2089281937394247,0.9362024999608892,905.3869759409693,962.3680273955353,403.775912547468,-1052.5439
原始(未校准),0.139,0.9465122103944896,0.9920898989264862,0.20909247277682955,0.9351543311274855,920.7261033218834,980.5772136715439,410.1757562327622,-1037.34775
原始(未校准),0.14,0.9457232310582342,0.9918387846066922,0.20921394141638858,0.9342313167816524,933.5274439838025,995.2727969585892,415.489752395167,-1024.8062
原始(未校准),0.14100000000000001,0.9446336881653099,0.9916504488668466,0.209415476806003,0.932917194662161,954.3920172473606,1020.7840291432917,424.1584882667673,-1001.25625
原始(未校准),0.14200000000000002,0.9438321853475267,0.9915248917069496,0.20956677502819612,0.931947247383489,968.3243461353295,1037.1815647523342,429.91704488210286,-988.33565
原始(未校准),0.14300000000000002,0.9428804007514089,0.9912737773871555,0.20972519225916136,0.9308208569953537,983.3600748562724,1055.30584567463,436.1186621429496,-975.3409
原始(未校准),0.14400000000000002,0.9420663744520977,0.991210998807207,0.20989311921727108,0.9298196210947889,996.3436986092396,1071.331267015077,441.4870928450402,-960.13805
原始(未校准),0.145,0.9412648716343144,0.9910226630673614,0.21003193187865887,0.9288653181270631,1009.1140614855766,1087.3224550085217,446.7522663106799,-947.3587
原始(未校准),0.146,0.9404383218534753,0.9909598844874129,0.2102032119743255,0.927848437915552,1023.1844774900563,1105.0700564128867,452.5747593501674,-930.74245
原始(未校准),0.147,0.9396493425172198,0.9908343273275159,0.21035305407098398,0.9268941349478262,1037.7817845086715,1122.8742152230557,458.54351508278774,-915.459
原始(未校准),0.148,0.9386725109580464,0.9905832130077218,0.2105185916507678,0.9257364559377982,1054.3075488688537,1142.9786453249003,465.3074806655679,-899.8105
原始(未校准),0.149,0.9378835316217908,0.9903320986879277,0.21064227533716118,0.9248134415919651,1067.9143264756847,1159.8936044713487,470.89607340045785,-887.7915
原始(未校准),0.15,0.937031934877896,0.9899554272082366,0.21075352169148112,0.9238434943132929,1080.7183254371796,1175.7721265933878,476.0961207636181,-877.11345
原始(未校准),0.151,0.9361177207263619,0.989767091468391,0.2109192096215334,0.9227483925470502,1095.6824199751172,1194.213687648276,482.1956050486463,-864.72945
原始(未校准),0.152,0.9350782717595492,0.9897043128884425,0.21114027803819677,0.9214655590494517,1112.9934052983224,1215.6820365765504,489.21326456272294,-845.0919
原始(未校准),0.153,0.9341891045710707,0.9895159771485968,0.2113010255379047,0.9204017459051016,1128.9304420024548,1235.0966443834673,495.66751200583906,-829.0496
原始(未校准),0.154,0.9330619912335629,0.9893276414087513,0.21151600563720555,0.9190406908527714,1146.791517194178,1257.2097193980453,502.8808913313427,-810.41515
原始(未校准),0.155,0.9321853475266124,0.9893276414087513,0.21171491905689527,0.9179455890865287,1160.2102720806934,1273.9452948119547,508.2682451499191,-793.67245
原始(未校准),0.156,0.9312460864120226,0.9891393056689057,0.21188811188811188,0.9168191986983933,1174.1320728886094,1291.1875311793156,513.8563138924442,-779.35615
原始(未校准),0.157,0.9301690670006262,0.9889509699290602,0.212093060828823,0.9155207208898484,1192.006829912132,1313.1366373061267,520.998672470379,-759.9184
原始(未校准),0.158,0.9292798998121478,0.9886370770293176,0.21222861609368893,0.914488196367391,1207.639262846839,1332.823973982799,527.3024420645363,-746.24865
原始(未校准),0.159,0.9282028804007514,0.9885742984493691,0.21246137863108328,0.9131584299369534,1225.8741798502163,1355.4971838952126,534.5554439418522,-723.89675
原始(未校准),0.16,0.9272385723231058,0.9883859627095235,0.2126418152350081,0.9120007509269255,1242.245828560103,1376.592030553022,541.1404136380745,-708.23095
原始(未校准),0.161,0.9262742642454602,0.9882604055496265,0.21283614780363155,0.9108274276059511,1258.508402726675,1397.7025979932882,547.6065336829358,-689.5284
原始(未校准),0.162,0.9251596743894803,0.9881348483897294,0.213065489888188,0.9094663725536208,1276.7786431700783,1420.7859934158184,554.8284382275731,-668.35005
原始(未校准),0.163,0.9242705072010019,0.9880092912298324,0.21324336409089062,0.9083869150983245,1292.1731146903915,1440.5182599570105,560.968670055787,-651.64665
原始(未校准),0.164,0.9233187226048841,0.9878209554899868,0.21342249108196454,0.9072448803992428,1307.559122972229,1460.2639697347115,567.0399663029747,-638.17225
原始(未校准),0.165,0.9223919849718222,0.9875698411701928,0.2135826103485262,0.9061497786330001,1322.7243579806461,1479.8724036883832,572.979665912804,-622.50185
原始(未校准),0.166,0.9215529117094552,0.9875070625902442,0.2137634876199277,0.9051172541105427,1335.1029390753079,1495.604176004252,577.8377433112589,-608.3507
原始(未校准),0.167,0.9205760801502818,0.9871931696905016,0.2139222941720629,0.903975219411461,1353.0567355983983,1518.3290947064406,584.8332424626699,-589.8503
原始(未校准),0.168,0.9197119599248591,0.9866909410509135,0.21401435204727734,0.9030209164437353,1367.844313123788,1537.4514375728577,590.6106882461552,-583.02425
原始(未校准),0.169,0.9187852222917972,0.9861887124113252,0.21412117494718189,0.9019883919212778,1382.7272876612165,1557.0493374660366,596.397770838012,-574.0495
原始(未校准),0.17,0.9179336255479024,0.9860003766714797,0.2142788927241224,0.9009715117097667,1394.831092878788,1573.6322064854094,601.0755476810593,-560.91295
原始(未校准),0.171,0.917132122730119,0.9860003766714797,0.21446615596793794,0.899970275809202,1407.093146473646,1590.8432088919308,605.8321123611585,-545.18275
原始(未校准),0.17200000000000001,0.9162805259862242,0.9857492623516856,0.2146108111802091,0.8989690399086372,1420.1393206061214,1608.1150110638,610.848657889176,-534.8607
原始(未校准),0.17300000000000001,0.9153412648716344,0.9853725908719945,0.21474893966342865,0.8978895824533408,1434.386484272303,1626.4991059422998,616.3279233510776,-523.2963
原始(未校准),0.17400000000000002,0.9144145272385723,0.9849331408123548,0.21487071326832474,0.8968414136199371,1448.3948850995257,1645.4173737071817,621.7083087068495,-510.57625
原始(未校准),0.17500000000000002,0.9134877896055104,0.9847448050725093,0.21504757204354144,0.8957306675427481,1462.7118103378189,1664.2852390972148,627.180159588427,-497.205
原始(未校准),0.176,0.9124358171571697,0.9844936907527152,0.21524060501249004,0.8944791226670421,1477.9840386115013,1685.7206782202913,632.9998782835032,-479.96495
原始(未校准),0.177,0.911396368190357,0.9841797978529726,0.21541738234283753,0.8932588664132288,1491.9106282661737,1704.254462426945,638.3155007264202,-466.8971
原始(未校准),0.178,0.9102943018159049,0.9838031263732815,0.21559563608348123,0.8919760329156302,1509.5818736355532,1728.4099739370956,645.0339367295503,-450.27545
原始(未校准),0.179,0.9092423293675642,0.9835520120534873,0.21578998113025633,0.8907244880399243,1526.239093732929,1750.4147386026748,651.3547380835154,-433.1022
原始(未校准),0.18,0.908240450845335,0.9833636763136417,0.21598665251023813,0.8895198760970573,1539.8423085570817,1768.3393192748879,656.483145773884,-417.74965
原始(未校准),0.181,0.9072010018785223,0.9831125619938477,0.2161789066813915,0.8882839755322977,1556.238003970337,1790.0658001906459,662.7960299858903,-402.56755
原始(未校准),0.182,0.9063994990607389,0.9826103333542595,0.21625953354703217,0.8874078941193035,1569.4218256391116,1808.0881469728492,667.7868552381194,-398.3417
原始(未校准),0.183,0.905372573575454,0.9822964404545169,0.2164356654770797,0.8862032821764365,1586.592583053887,1831.6586589345693,674.2465125943102,-381.1237
原始(未校准),0.184,0.904345648090169,0.9820453261347228,0.21662604553259845,0.8849830259226232,1600.9198361991362,1851.1404589165695,679.5931106943963,-365.1208
原始(未校准),0.185,0.9032310582341891,0.9816686546550317,0.21681017151255494,0.8836845481140783,1616.1969867118921,1871.6955586407214,685.2484787683476,-352.1261
原始(未校准),0.186,0.9022291797119599,0.9814175403352376,0.21699540552170232,0.8824955804821577,1631.3090144100815,1893.3882445437066,690.9189334191734,-338.8346
原始(未校准),0.187,0.901202254226675,0.9812919831753406,0.21721488028237518,0.8812440356064517,1648.0931469122045,1917.1075990757429,697.15004267246,-318.70625
原始(未校准),0.188,0.9001753287413901,0.980852533115701,0.21736529445317826,0.8800707122854774,1662.0991158336874,1936.671806424174,702.307418564953,-309.90705
原始(未校准),0.189,0.899160926737633,0.9806641973758553,0.21756873450513942,0.8788504560316641,1677.6184588470903,1957.6807320196017,708.0219936907313,-291.86835
原始(未校准),0.19,0.8980338134001252,0.9805386402159583,0.21781391197634853,0.8774737566683876,1694.00195127385,1979.6235055528887,714.0286040333261,-273.25585
原始(未校准),0.191,0.8971446462116468,0.9802875258961642,0.21797395200804054,0.8764255878349838,1707.595660028457,1998.3060699345515,719.003078431476,-263.07305
原始(未校准),0.192,0.8961678146524734,0.9800991901563186,0.21816962226973546,0.8752522645140095,1722.2865941413745,2019.6196835948513,724.3204681464812,-247.03175
原始(未校准),0.193,0.8950407013149656,0.979659740096679,0.21834641592858442,0.8739537867054645,1738.0368038756187,2041.6727582175567,730.0755621366987,-232.68475
原始(未校准),0.194,0.8941765810895429,0.9790947328771423,0.21843137254901962,0.8730151280486851,1750.4894287292495,2060.117526654559,734.5535350166625,-223.8267
原始(未校准),0.195,0.8931246086412022,0.9788436185573482,0.21863256492231758,0.8717635831729792,1766.1206976796611,2082.912309774619,740.2133470647331,-210.5133
原始(未校准),0.196,0.8920225422667502,0.9785297256576057,0.21883248160835628,0.8704651053644342,1780.9388869594939,2104.502803789078,745.5060908500373,-193.1548
原始(未校准),0.197,0.8909580463368817,0.977964718438069,0.21896743179230563,0.8692761377325136,1796.9175490336136,2127.1914876225514,751.2810214350695,-182.14845
原始(未校准),0.198,0.8896931747025674,0.9777763826982233,0.21923650798119423,0.8677429952597738,1814.2959547072946,2152.32633867945,757.5204254303313,-161.9199
原始(未校准),0.199,0.8884157795867251,0.9773369326385837,0.21945305892303354,0.866256785719873,1832.2648296784728,2177.981643700987,763.9929873813719,-143.26335
原始(未校准),0.2,0.8874013775829681,0.976897482578944,0.21960513131712273,0.8650991067098449,1848.0296131235384,2200.9581112166297,769.6364406860428,-128.6744
原始(未校准),0.201,0.886299311208516,0.9765835896792014,0.21980754828955362,0.8638006289013,1864.0173536005148,2224.6855046967926,775.2467474778738,-114.2969
原始(未校准),0.202,0.8853224796493425,0.9762069181995103,0.21996520164655622,0.8626742385131647,1879.1187914594345,2246.363337290737,780.5642695743364,-100.7814
原始(未校准),0.203,0.8842955541640576,0.9760813610396133,0.22019232130971095,0.8614226936374587,1893.7112754759996,2267.3930324288426,785.6648343482144,-82.0344
原始(未校准),0.20400000000000001,0.8830056355666875,0.9759558038797163,0.2204856186532025,0.85984261823188,1911.8592321415722,2294.046966544963,792.0142949561125,-59.03975
原始(未校准),0.20500000000000002,0.881753287413901,0.9757674681398707,0.2207561640722645,0.8583251200700865,1930.2904505986228,2321.7579334247794,798.4464929861864,-39.17425
原始(未校准),0.20600000000000002,0.8806136505948654,0.9753907966601796,0.22095652544903793,0.856995353639649,1947.0523277152029,2348.077743017124,804.21841107948,-20.34055
原始(未校准),0.20700000000000002,0.879448966812774,0.9748885680205914,0.2211352244246981,0.8556655872092114,1963.6687504801178,2372.779187793901,809.9842256922931,-6.2428
原始(未校准),0.20800000000000002,0.8781214777708203,0.9743863393810032,0.22135542941897943,0.8541324447364715,1982.5235178413213,2401.672631631981,816.5144923687831,13.73445
原始(未校准),0.209,0.8769067000626174,0.9738213321614665,0.22153353993801858,0.852755745373195,2000.602895794553,2429.102236834553,822.8281567037503,28.53915
原始(未校准),0.21,0.875742016280526,0.9734446606817754,0.2217423635739618,0.8513946903208648,2017.6759762214958,2455.1697355334995,828.690652554767,44.3382
原始(未校准),0.211,0.8744145272385723,0.9728796534622387,0.22195010168714732,0.8498771921590713,2034.931273986289,2481.6099202219957,834.6175291953076,62.91295
原始(未校准),0.212,0.8732748904195367,0.9724402034025991,0.22213936412786278,0.8485630700395801,2049.4830785336635,2504.1474571899957,839.6258884596485,75.85355
原始(未校准),0.213,0.871947401377583,0.972063531922908,0.22239138240574507,0.8469986389449476,2067.8330940070764,2532.5982282388436,845.8975039292179,90.99245
原始(未校准),0.214,0.8708077645585472,0.9716868604432167,0.222596140017833,0.8456688725145101,2083.743753971043,2558.2777220213543,851.2971499215547,106.76435
原始(未校准),0.215,0.8695679398872886,0.9714357461234226,0.22285590840354288,0.8441826629746093,2103.7146026552423,2589.169932647641,858.1293964454015,129.6798
原始(未校准),0.216,0.86832811521603,0.97112185322368,0.22310199607707396,0.8427120977456548,2120.650686609518,2615.932993809669,863.732324086171,149.3316
原始(未校准),0.217,0.8669881026925486,0.9704312888442463,0.2232879284692831,0.8412102438948077,2138.061542046932,2642.566701104623,869.573629789649,163.96985
原始(未校准),0.218,0.8657232310582342,0.9700546173645552,0.22352736951741697,0.8397240343549068,2157.501093712313,2672.772185483722,876.0249785740152,184.77495
原始(未校准),0.219,0.8644583594239198,0.9696151673049156,0.22375302417894447,0.8382534691259523,2177.066172602946,2702.3159192571907,882.546428704847,206.64125
原始(未校准),0.22,0.863143393863494,0.9692384958252245,0.22400684832129072,0.8367046823422662,2195.472808263218,2732.672545103917,888.7324723263057,226.15065
原始(未校准),0.221,0.8617783343769568,0.9684223742858936,0.2241727580544374,0.8352028284914191,2213.4358521002805,2761.637995170727,894.6100079031266,237.8841
原始(未校准),0.222,0.8606887914840325,0.967982924226254,0.22435468381689608,0.8339512836157131,2228.452371750833,2785.6978767088467,899.4694475401415,252.9112
原始(未校准),0.223,0.8592360676268003,0.9674806955866658,0.22461740271097508,0.8322616980335101,2247.353735178805,2816.5280218989037,905.6261157275073,273.3457
原始(未校准),0.224,0.8579461490294302,0.9672295812668718,0.22489672588202667,0.830712911249824,2266.806114228639,2848.3887942643655,912.0346883524788,297.97155
原始(未校准),0.225,0.8565560425798372,0.9667273526272836,0.22514474530674308,0.8291015472223526,2286.5839008000307,2880.4016284761115,918.5262344234368,312.64425
原始(未校准),0.226,0.8551784596117721,0.9664762383074895,0.22544884749436195,0.8274432502620422,2305.2759929606414,2909.206670267158,924.6082157628465,332.6203
原始(未校准),0.227,0.8540388227927364,0.966287902567644,0.2257056968985996,0.8260665508987657,2321.0274583081714,2935.280917102912,929.6794274603247,352.6901
原始(未校准),0.228,0.8528991859737007,0.9659740096679013,0.225933865852226,0.8247211401573817,2334.4103597266912,2956.287636921461,933.9352929557718,366.1006
原始(未校准),0.229,0.8516718847839699,0.9657228953481072,0.22620062935623328,0.8232505749284272,2352.215119185366,2984.625394418463,939.7096097554844,388.5547
原始(未校准),0.23,0.8504195366311834,0.9651578881285705,0.2264012016611198,0.8218269426323117,2369.6572088774415,3013.4923504016056,945.4532404335927,402.76895
原始(未校准),0.231,0.8493299937382592,0.9648439952288279,0.22661790943540897,0.8205441091347132,2383.8474983558267,3036.6318494236452,949.8917544664465,416.85475
原始(未校准),0.232,0.8479899812147778,0.9643417665892398,0.22685786862003782,0.818995322351027,2404.4869633693797,3070.4050833313763,956.5445939899545,437.71015
原始(未校准),0.233,0.8467000626174076,0.9638395379496516,0.2270851513851706,0.8175091128111263,2420.751933354099,3097.371483604998,961.6376515252728,451.35355
原始(未校准),0.234,0.8455103318722604,0.9633373093100634,0.22728619249340878,0.8161480577587961,2434.5722920655808,3119.752971867849,965.9731083675526,465.4302
原始(未校准),0.23500000000000001,0.8443456480901691,0.9628978592504237,0.22749588407172838,0.8148026470174121,2449.0291779882295,3144.871348299682,970.4481057198007,478.3136
原始(未校准),0.23600000000000002,0.842867877269881,0.9622700734509385,0.22774616287535474,0.8131130614352091,2468.573888895793,3177.8329548317834,976.5891789707225,500.1736
原始(未校准),0.23700000000000002,0.8415529117094552,0.9616422876514533,0.22795321289324086,0.8116268518953083,2485.8277708166747,3206.717839081856,981.8586877665992,517.92005
原始(未校准),0.23800000000000002,0.8399874765184722,0.9611400590118652,0.22825876284048724,0.8097964675145883,2505.6086486551008,3240.281432408509,987.8570993659297,533.83565
原始(未校准),0.23900000000000002,0.8385347526612398,0.9601356017326889,0.22841525157937184,0.8082320364199559,2527.279981907833,3275.9994656729996,994.5213439772781,544.9125
原始(未校准),0.24,0.8369943644333124,0.9595705945131521,0.2287009605889218,0.8064485849720749,2547.7833618976547,3310.807310319282,1000.6009956782136,564.5026
原始(未校准),0.241,0.8357294927989981,0.9590683658735639,0.22892721741866842,0.8049936640540667,2564.785630586385,3339.715067378624,1005.7191236668297,582.11465
原始(未校准),0.242,0.8344771446462117,0.9586289158139243,0.22916572869298996,0.8035387431360586,2582.1649487049235,3370.2476020146682,1010.7943659713696,596.0425
原始(未校准),0.243,0.8330369442705072,0.9582522443342332,0.22947172193992604,0.8018335132429092,2599.4780322929378,3399.1295936529623,1015.8880929775495,617.38435
原始(未校准),0.244,0.8319599248591109,0.9578127942745935,0.22966341522157996,0.8005976126781496,2613.0391835572495,3421.9256090902386,1019.9079500546649,627.45255
原始(未校准),0.245,0.8308578584846588,0.9575616799547995,0.22990775352707102,0.7992834905586583,2627.58268382935,3446.965606276931,1024.182585506389,642.836
原始(未校准),0.246,0.8295804633688165,0.9570594513152112,0.23014099815826816,0.7978129253297038,2643.1906165151045,3475.8102538994685,1028.7312009605769,658.85915
原始(未校准),0.247,0.8282780212899186,0.9566200012555716,0.23039704859536123,0.7962954271679104,2658.84277594687,3503.5832839892805,1033.2925424260225,676.7106
原始(未校准),0.248,0.8268753913587977,0.9561805511959319,0.23068185260351984,0.7946527745185463,2676.5524386265315,3533.3179104584633,1038.6550622650302,696.09355
原始(未校准),0.249,0.8253850970569818,0.9556155439763953,0.23096180982293232,0.7929319003144506,2695.9971797089015,3568.4644727655036,1044.2051256838172,714.1292
原始(未校准),0.25,0.8240951784596118,0.9549877581769101,0.23117135736429395,0.7914769793964425,2715.4778772875497,3602.4938471331147,1049.8761600558284,729.6815
原始(未校准),0.251,0.8227676894176581,0.9546738652771675,0.23146823343176354,0.7898969039908638,2732.2386137140497,3631.752494579237,1054.6322689432207,751.99955
原始(未校准),0.252,0.8212523481527865,0.9541716366375793,0.23177333516324322,0.7881290968539291,2750.2215127913096,3665.2860957363673,1059.6352560526782,773.11315
原始(未校准),0.253,0.8195867251095804,0.9534810722581455,0.23207627895605404,0.7862204909184775,2771.225724314511,3702.0774098162083,1065.674472349996,791.2284
原始(未校准),0.254,0.8182091421415153,0.9529160650386088,0.23232926194630668,0.7846404155128988,2788.1252269689753,3732.5302586908497,1070.5251018839754,806.91485
原始(未校准),0.255,0.8165685660613651,0.9523510578190721,0.2326580065334417,0.7827318095774471,2808.619480862953,3771.114556295475,1076.4260015900786,830.7894
原始(未校准),0.256,0.8153287413901065,0.951723272019587,0.23285819611698205,0.7813394659032243,2822.123960560107,3795.9857753082015,1080.0449126255683,841.8451
原始(未校准),0.257,0.8140388227927364,0.9510327076401531,0.23305795295456994,0.7799001892961624,2837.3662530625597,3823.2046690937905,1084.230787573697,856.3339
原始(未校准),0.258,0.812773951158422,0.9504049218406679,0.23326656394453005,0.7784765570000469,2851.6210664450095,3849.9252758447888,1088.1022372713958,862.8717
原始(未校准),0.259,0.8114339386349405,0.9499026932010798,0.2335283132437146,0.7769277702163608,2870.9874865377287,3884.760034967222,1093.60539397079,882.6095
原始(未校准),0.26,0.8101189730745147,0.9492749074015946,0.23375278258718774,0.77544156067646,2886.2613742829003,3913.6316236835414,1097.7254672433098,897.1808
原始(未校准),0.261,0.8085911083281152,0.948961014501852,0.23411702753771335,0.77361117629574,2905.3444691596324,3948.86297264386,1103.000094192959,920.2189
原始(未校准),0.262,0.8071008140262993,0.9484587858622638,0.23442518658742842,0.7718746577806981,2922.4627427983687,3979.2421074898375,1107.462650834711,938.7653
原始(未校准),0.263,0.8057232310582342,0.9479565572226756,0.23470164912880612,0.7702789380641729,2938.37010236777,4008.334224893941,1111.662627990012,957.13055
原始(未校准),0.264,0.8041828428303068,0.9470148785234478,0.234917619210764,0.7685893524819699,2956.234955678206,4039.6248583336287,1116.3345163564604,971.7827
原始(未校准),0.265,0.8030807764558547,0.9465126498838596,0.2351152418675732,0.767337807606264,2969.958058046104,4065.041304670491,1119.8410689348516,986.55705
原始(未校准),0.266,0.8015904821540388,0.9458220855044259,0.2353805052572375,0.7656482220240609,2987.689846617207,4098.7640303923,1124.3769738962892,1004.6117
原始(未校准),0.267,0.8001001878522229,0.9448176282252495,0.23556849486601553,0.7640368579965895,3006.2077191960393,4131.963667778009,1129.2853723867163,1015.222
原始(未校准),0.268,0.7989605510331872,0.9441898424257643,0.23574776243397025,0.7627696688099372,3018.019136790451,4154.041180496921,1132.3415754003693,1024.60175
原始(未校准),0.269,0.7975704445835943,0.9439387281059702,0.23609584524071225,0.7610957275386806,3032.095471777022,4180.621046483922,1135.8594994476205,1044.70825
原始(未校准),0.27,0.7961678146524734,0.9434364994663821,0.23638594393934628,0.7594687192002628,3049.1574274955788,4213.090399694218,1140.2885232895228,1062.77225
原始(未校准),0.271,0.7946524733876017,0.9427459350869484,0.2366633571304745,0.7577478449961671,3067.780774533877,4249.555627344009,1144.9321685298464,1076.58975
原始(未校准),0.272,0.7931997495303694,0.9421181492874631,0.23693891406287004,0.7560895480358567,3084.8456341583756,4283.726412832583,1149.0616611960345,1086.24795
原始(未校准),0.273,0.7916343143393864,0.9415531420679264,0.2372650762513447,0.7542748079660831,3102.3755284894255,4318.62875763596,1153.242624320682,1107.5018
原始(未校准),0.274,0.7904696305572949,0.9411764705882353,0.2375196058239199,0.752913752913753,3118.101580807337,4349.340755163001,1157.3491299724262,1121.12765
原始(未校准),0.275,0.7888290544771447,0.9405486847887501,0.2378548294913317,0.7510207912892477,3139.06097720906,4390.306752893703,1162.6682533503138,1144.9154
原始(未校准),0.276,0.7871383844708829,0.9397325632494193,0.2381588786533658,0.7491121853537961,3157.6605256889334,4426.220419411122,1167.1765642408075,1159.5737
原始(未校准),0.277,0.7855979962429556,0.938979220290037,0.2384345608161964,0.7473756668387541,3176.663180957028,4462.460254873416,1171.956688480536,1173.4672
原始(未校准),0.278,0.7841202254226675,0.9385397702303974,0.2387721203603143,0.745639148323712,3193.359967976797,4494.697756734882,1175.8893893631405,1196.8162
原始(未校准),0.279,0.7826048841577958,0.9377236486910666,0.23902641980445183,0.743949562741509,3212.241611148122,4532.20268157339,1180.2996184924832,1212.5166
原始(未校准),0.28,0.7811897307451472,0.937409755791324,0.23937926833178363,0.742259977159306,3229.6573716487237,4566.211135665108,1184.1043628271532,1237.1358
原始(未校准),0.281,0.7795115842204132,0.9368447485717873,0.23975001606580554,0.7403044382910154,3250.738666123588,4606.697927305681,1189.3943864840583,1260.82335
原始(未校准),0.28200000000000003,0.7782717595491546,0.9362797413522506,0.23998712688068227,0.7388964503058463,3264.195610306205,4632.086178156911,1192.5647073464436,1277.9547
原始(未校准),0.28300000000000003,0.776856606136506,0.9355891769728168,0.24024696930616457,0.7373007305893212,3280.7872101419316,4664.96249830949,1196.4096207202963,1287.6238
原始(未校准),0.28400000000000003,0.775466499686913,0.9351497269131772,0.2405645903651427,0.7356737222509034,3296.182942674793,4695.691087989169,1200.0176402635777,1308.56855
原始(未校准),0.28500000000000003,0.773976205385097,0.9347102768535376,0.2409145335102424,0.7339215594249151,3313.234637640858,4730.750547025561,1203.912868939663,1327.0971
原始(未校准),0.28600000000000003,0.7724358171571697,0.9335802624144642,0.2411031307252063,0.7322789067755511,3329.2894173185246,4762.34923713514,1207.5034227330593,1335.028
原始(未校准),0.28700000000000003,0.7710707576706325,0.9331408123548245,0.24141627415949327,0.730683187059026,3345.99906456501,4796.86536462856,1211.10993050088,1354.4032
原始(未校准),0.28800000000000003,0.769530369442705,0.9322619122355452,0.2416716845411493,0.7289779571658767,3364.165275878931,4834.597468853378,1214.9744514980218,1370.11645
原始(未校准),0.289,0.7681527864746399,0.931383012116266,0.24187684431908962,0.7274761033150295,3377.8653292387694,4862.16137993303,1217.8995925471775,1377.9106
原始(未校准),0.29,0.7664621164683783,0.9305041119969867,0.24218162805137086,0.7255831416905243,3397.5088274927266,4904.081258637714,1222.2775432886942,1399.44955
原始(未校准),0.291,0.7647088290544771,0.9295624332977588,0.24249123841341588,0.7236276028222337,3414.6969373482025,4939.7718393574205,1225.7408618745894,1414.8395
原始(未校准),0.292,0.7632811521603006,0.9286835331784795,0.24271510139791297,0.7220631717276013,3430.674574209404,4972.458998697079,1229.20173726019,1427.72165
原始(未校准),0.293,0.7616906700062618,0.9279929687990458,0.2430410548988014,0.7202484316578276,3448.7647235245736,5011.267469617854,1233.4524374265127,1445.2764
原始(未校准),0.294,0.7601001878522229,0.9271140686797664,0.24331894421194847,0.718480624520893,3464.6140203828113,5045.696642391562,1236.543878967224,1458.90925
原始(未校准),0.295,0.7583469004383219,0.9263607257203842,0.24368332397529477,0.7164781527197635,3483.898809362255,5085.9983801155995,1240.4671700903327,1479.99305
原始(未校准),0.296,0.7567689417658109,0.9254818256011049,0.2439597537565367,0.7147259898937751,3503.3315716193856,5125.204914398415,1244.814344143617,1495.49415
原始(未校准),0.297,0.7553412648716343,0.9247284826417227,0.2442219053619392,0.7131302701772501,3518.174284653047,5156.732225451777,1247.6186579533987,1508.21325
原始(未校准),0.298,0.7539511584220413,0.9243518111620315,0.24457252960815906,0.711487617527886,3534.291155751843,5190.802299733486,1251.1938834235941,1529.26945
原始(未校准),0.299,0.7524483406386976,0.9239751396823404,0.24496113709368705,0.709704166080005,3549.7308617713584,5222.9315760144655,1253.8803928907569,1550.8322
原始(未校准),0.3,0.7510582341891046,0.9232845753029066,0.24523110785033014,0.7081397349853725,3563.8622111913196,5252.616584514023,1256.3340212730252,1566.46045
原始(未校准),0.301,0.7493299937382593,0.9222801180237303,0.24552929772370224,0.706231129049921,3581.3756473451167,5291.510135502927,1259.6276270537744,1581.90665
原始(未校准),0.302,0.7480776455854727,0.9217151108041937,0.24578966752603207,0.7048074967538055,3595.6685351099895,5322.003081059751,1262.4024138277139,1597.36435
原始(未校准),0.303,0.7464621164683782,0.9207106535250172,0.2460531834577636,0.7030396896168708,3612.716229555366,5360.290033275833,1265.5311977511972,1607.17345
原始(未校准),0.304,0.7450720100187852,0.9197061962458409,0.2462433186539819,0.70155348007697,3626.746117206952,5390.4162434784785,1267.965134583575,1611.29595
原始(未校准),0.305,0.743606762680025,0.9190156318664072,0.24654327433181197,0.6998951831166597,3644.0667327897713,5429.072141414341,1271.426156178718,1626.6934
原始(未校准),0.306,0.7419160926737633,0.9183250674869734,0.2469194152797002,0.6979552885593154,3661.7318255226305,5470.147776352683,1274.701538132048,1644.85965
原始(未校准),0.307,0.7401878522229179,0.9173206102077971,0.2472252301028695,0.6960466826238638,3679.475916500365,5509.007812028884,1278.0581112934267,1661.23095
原始(未校准),0.308,0.7384345648090169,0.9159394814489297,0.24743911539244284,0.6942006539321975,3696.7728010051824,5548.857142525214,1281.1248799600958,1667.49335
原始(未校准),0.309,0.7365810895428929,0.9150605813296503,0.24782372143634385,0.69210431626539,3716.524588650012,5593.663496293982,1284.6039153198467,1689.34725
原始(未校准),0.31,0.7349780839073262,0.9145583526900621,0.2482279171210469,0.6902269989518311,3734.603315078564,5634.050996190209,1287.7752307006838,1710.562
原始(未校准),0.311,0.733425172197871,0.9137422311507314,0.2485315210709651,0.6884904804367892,3752.2828230711148,5674.047424161048,1291.0144409331895,1729.083
原始(未校准),0.312,0.7317345021916093,0.9130516667712977,0.24891748960276575,0.686550585879445,3770.2914466394604,5714.844746557493,1294.2386666655168,1750.92025
原始(未校准),0.313,0.7302567313713212,0.9125494381317094,0.2492840115930099,0.6848297116753492,3786.8445240560786,5750.968632433883,1296.83729140222,1770.89325
原始(未校准),0.314,0.7288290544771446,0.9118588737522757,0.24958331185456295,0.6832183476478778,3801.1169745315037,5784.426985062994,1299.2570904523595,1784.717
原始(未校准),0.315,0.7272636192861616,0.9109171950530479,0.2498622399779584,0.6814974734437822,3817.9619941704095,5822.339031252819,1302.2202760270839,1799.5857
原始(未校准),0.316,0.7254727614276769,0.9096616234540774,0.2501337844602876,0.6795732231973842,3834.0882715896337,5858.001233434271,1304.6031581551558,1812.8321
原始(未校准),0.317,0.7237946149029431,0.9087827233347981,0.2504714940738818,0.6776959058838253,3851.4945247101987,5899.346768583573,1307.0513994606376,1823.77465
原始(未校准),0.318,0.7221790857858484,0.9074643731558792,0.25066763777615925,0.6760063203016223,3868.16542816277,5938.17076494458,1309.5937361042902,1836.28605
原始(未校准),0.319,0.7204383218534752,0.906836587356394,0.2510994837206877,0.6739882041895465,3888.560052728053,5983.877362859881,1313.0287409991984,1859.8502
原始(未校准),0.32,0.7188102692548528,0.9056437943373721,0.251337177901284,0.6722516856745044,3905.948875276771,6025.25250799043,1315.8997889375355,1868.74375
原始(未校准),0.321,0.717495303694427,0.9048276727980413,0.2515708999511276,0.6708124090674427,3918.215134746598,6056.075832975917,1317.5878568945602,1881.82245
原始(未校准),0.322,0.7158797745773325,0.9036348797790194,0.2518062383009989,0.6690915348633469,3935.0506176582744,6093.529824040328,1319.9670391821214,1888.3933
原始(未校准),0.323,0.714351909830933,0.9028187582396886,0.25211689837134693,0.6673863049701976,3951.9524837011904,6132.406713003935,1322.605283771022,1905.4682
原始(未校准),0.324,0.7129993738259236,0.9017515223805638,0.25229655911334375,0.665962672674082,3963.948129555647,6162.74182893594,1324.122137630391,1911.30095
原始(未校准),0.325,0.7115967438948028,0.9012492937409756,0.252653068407807,0.6643356643356644,3978.6319993103566,6195.872673662479,1326.1876850054446,1932.81605
原始(未校准),0.326,0.7100187852222918,0.9003076150417477,0.25294999559044007,0.6625991458206223,3997.9259521691442,6241.772265326534,1329.0323313526778,1947.673
原始(未校准),0.327,0.7083907326236694,0.8994287149224685,0.2532838327587731,0.6607844057508487,4013.9897268023474,6281.273688071844,1331.1322562277942,1962.4433
原始(未校准),0.328,0.7067000626174076,0.8986753719630862,0.2536771220981747,0.6588601555044508,4028.0009459633143,6316.112480700207,1332.9251825321219,1979.38585
原始(未校准),0.329,0.7052974326862868,0.8979220290037039,0.25396853581448203,0.6572957244098183,4043.671418332098,6353.081062271479,1335.0736776925207,1993.8944
原始(未校准),0.33,0.7036067626800251,0.8971686860443217,0.25436519943755226,0.6553714741634205,4061.0522761963293,6395.384316744786,1336.895288759164,2016.2206
原始(未校准),0.331,0.7019160926737633,0.8961014501851968,0.25467456465886384,0.6535254454717542,4077.4875604679255,6435.4764591196235,1339.0137782957818,2034.1359
原始(未校准),0.332,0.7003506574827802,0.8955364429656602,0.2550828818196449,0.6517107054019806,4092.550893345031,6472.699090345803,1340.4891604252177,2053.9401
原始(未校准),0.333,0.698797745773325,0.8947831000062778,0.25543468520941237,0.6499585425759923,4108.510876050997,6511.1769847639,1342.5380362332833,2064.4131
原始(未校准),0.334,0.6970945522855354,0.8937786427271015,0.2557713382318596,0.6480812252624333,4124.040960800248,6547.969824181709,1343.9260510842,2077.1542
原始(未校准),0.335,0.6953788353162179,0.8928997426078222,0.25615027194467455,0.6461569750160354,4141.957092382681,6591.212309041269,1346.2373037201935,2098.3285
原始(未校准),0.336,0.6937633061991234,0.892271956808337,0.2565662400491001,0.6442953020134228,4157.091217467429,6628.114406648395,1347.641020945927,2114.89795
原始(未校准),0.337,0.6922980588603632,0.8914558352690062,0.2568740955137482,0.6426682936750051,4170.741359057447,6663.0190553959665,1349.1348435178559,2130.07185
原始(未校准),0.338,0.6905197244834064,0.890828049469521,0.25735427472886213,0.6406032446300902,4188.087381788844,6706.377466669121,1350.8554840290706,2151.7157
原始(未校准),0.339,0.6888040075140889,0.8900747065101388,0.257777131324885,0.6386477057617997,4204.651145731895,6745.934267636998,1352.4336234949392,2173.1477
原始(未校准),0.34,0.68703819661866,0.8890074706510138,0.2581297849070361,0.6367078112044555,4221.530596505139,6788.044500019927,1354.2908693132442,2191.61335
原始(未校准),0.341,0.6852849092047589,0.8878774562119405,0.2584612573099415,0.6347992052690039,4237.433857082574,6827.228462061925,1355.5785139682403,2205.8427
原始(未校准),0.342,0.6836819035691922,0.8866846631929186,0.2587192262602579,0.6330939753758545,4252.438811511766,6868.225372190806,1357.0270375651291,2210.82405
原始(未校准),0.343,0.6821790857858485,0.8858685416535877,0.2590505213687766,0.6314200341045979,4269.453572658468,6909.568527762339,1358.8295306317898,2232.6517
原始(未校准),0.34400000000000003,0.680463368816531,0.885052420114257,0.2594644336063311,0.6294801395472537,4286.984627505606,6954.696362956226,1360.4201655681647,2249.82005
原始(未校准),0.34500000000000003,0.6787351283656856,0.8839851842551322,0.259811428676864,0.6275871779227484,4305.812265645507,7002.3218323156625,1362.1562679454153,2268.87725
原始(未校准),0.34600000000000003,0.6770194113963682,0.8831062841358528,0.2602108768035516,0.6256629276763505,4321.564825123791,7041.842187730792,1363.2444912147419,2289.79405
原始(未校准),0.34700000000000003,0.6751534126487163,0.8822273840165735,0.26067036411864,0.6235509456985967,4340.383224556995,7089.398055217364,1364.7565208408757,2307.57485
原始(未校准),0.34800000000000003,0.6734877896055104,0.8815368196371398,0.26111049127896163,0.6216423397631451,4356.517267929357,7130.11725031452,1366.355030110915,2330.47455
原始(未校准),0.34900000000000003,0.6717470256731372,0.8802184694582209,0.26139562631667257,0.6197963110714788,4374.135759172222,7174.267177502161,1367.8717773349836,2340.71055
原始(未校准),0.35000000000000003,0.6700187852222917,0.879151233599096,0.26175211678286386,0.6179033494469736,4392.369753481016,7220.539403702806,1369.5329162783157,2353.08945
原始(未校准),0.35100000000000003,0.6685284909204758,0.8783978906397137,0.2621108238732157,0.6162294081757169,4407.764681017785,7260.223822638467,1371.0101790834992,2369.295
原始(未校准),0.352,0.66703819661866,0.877581769100383,0.2624523590484952,0.6145711112154065,4423.417915228072,7297.925902689835,1372.3265696801548,2385.6052
原始(未校准),0.353,0.6652097683155918,0.876388976081361,0.26281604759304933,0.6125842837252233,4443.314248424144,7348.483104303969,1373.9401496684127,2403.8768
原始(未校准),0.354,0.6638447088290544,0.8755728545420303,0.26311122849381224,0.6110824298743762,4455.616493987593,7381.8218499659315,1374.4216408284276,2415.8572
原始(未校准),0.355,0.6619787100814026,0.8744428401029569,0.26351236307913506,0.6090330251404077,4474.747154026318,7430.049066448325,1376.2318004066226,2427.6679
原始(未校准),0.356,0.6602629931120851,0.8736894971435746,0.2639695003983157,0.6070774862721171,4490.2610413963475,7470.669337473303,1377.3489119298936,2449.4882
原始(未校准),0.357,0.6588603631809643,0.873375604243832,0.264436418931762,0.6054035450008605,4502.419001734773,7504.164966936933,1377.5956125020377,2472.3624
原始(未校准),0.358,0.6570444583594239,0.8723083683847072,0.2648432288192128,0.6034010731997309,4517.714080075711,7547.045213903004,1377.4387253082793,2487.93405
原始(未校准),0.359,0.6555792110206637,0.8716178040052734,0.26522503247497514,0.6017427762394205,4530.908290810609,7582.754337863208,1377.7070989155045,2500.39135
原始(未校准),0.36,0.6540262993112085,0.8706761253060455,0.2655675551470588,0.6000375463462712,4545.9727222825895,7625.032914348549,1378.228804940483,2515.82865
原始(未校准),0.361,0.6522604884157795,0.8698600037667148,0.26603690263617685,0.5980350745451417,4562.303824906419,7670.6243670659815,1378.808838379556,2532.9748
原始(未校准),0.362,0.6507451471509079,0.8691066608073326,0.26642546476271123,0.5963298446519923,4579.8848402819685,7717.9192443523525,1380.5256695965418,2548.37175
原始(未校准),0.363,0.6489041953663118,0.8678510892083621,0.2667953295377786,0.5943430171618092,4598.681299641287,7769.73004504765,1380.9710255526568,2559.1662
原始(未校准),0.364,0.6469254852849092,0.8666582961893402,0.267243548793,0.5921684579402701,4616.713490221679,7820.71028476767,1381.5138666515281,2584.6682
原始(未校准),0.365,0.6450720100187852,0.8653399460104212,0.26760371973829816,0.5901816304500869,4634.295687564805,7869.680625315303,1381.922636443068,2600.0918
原始(未校准),0.366,0.6437695679398873,0.8646493816309875,0.2679311351035891,0.5887267095320786,4645.238056716526,7900.611235888085,1381.814842568411,2612.27125
原始(未校准),0.367,0.6421540388227928,0.8640215958315023,0.26841017240034326,0.5868650365294661,4658.589654072368,7937.700945785498,1381.5204811099075,2632.2442
原始(未校准),0.368,0.6402003757044459,0.8628288028124804,0.26885758998435055,0.5847217659298196,4675.83841866592,7986.856221404389,1381.0613476375154,2649.4977
原始(未校准),0.369,0.6387726988102692,0.861949902693201,0.2691840175665608,0.5831573348351872,4686.842123397372,8018.658638284093,1380.580094112593,2661.49785
原始(未校准),0.37,0.6372573575453976,0.8609454454140247,0.2695096786872359,0.5815146821858231,4698.958338069965,8054.356298574916,1380.1704172732998,2675.86365
原始(未校准),0.371,0.6357795867251096,0.860129323874694,0.2698800401835838,0.5798720295364591,4712.24683227057,8092.814402859812,1380.4148760029473,2685.87445
原始(未校准),0.372,0.6342141515341265,0.8593132023353631,0.2702894830377947,0.5781198667104708,4725.0302842777355,8129.615924381641,1379.73541435476,2699.13505
原始(未校准),0.373,0.6327989981214778,0.8583087450561868,0.27057729224801597,0.5766023685486773,4738.11504584368,8167.56738917827,1379.3924251969715,2709.65655
原始(未校准),0.374,0.6312460864120225,0.8574926235168561,0.2709850213272493,0.5748658500336352,4749.89031050284,8202.289184189189,1378.28627352664,2720.09085
原始(未校准),0.375,0.6294051346274264,0.8564253876577311,0.27143937283616537,0.572832089610613,4763.727419848512,8243.996147223676,1377.3032150946333,2739.05115
原始(未校准),0.376,0.6279148403256105,0.8550442588988637,0.27164482737988394,0.5713145914488197,4776.229540162057,8280.455071507233,1376.7512036893136,2744.5222
原始(未校准),0.377,0.6262742642454603,0.8541025801996359,0.27205647096464564,0.569499851379046,4792.095767530146,8327.071408764858,1376.5334193567776,2766.04225
原始(未校准),0.378,0.6245835942391985,0.853035344340511,0.2724520281515048,0.5676538226873797,4806.4806842467915,8368.425658114546,1376.1143328804942,2779.198
原始(未校准),0.379,0.6230432060112712,0.8523447799610773,0.2729045226130653,0.5659016598613914,4820.037426154953,8408.1383783467,1375.5784310911474,2796.64165
原始(未校准),0.38,0.6213525360050094,0.8514031012618495,0.27334475461050084,0.5640243425478325,4835.267392691782,8452.734761854652,1374.8041761051788,2814.3528
原始(未校准),0.381,0.6193988728866625,0.850021972502982,0.2737621059867769,0.561928004881025,4848.9143530796055,8493.653518908612,1373.0932098645123,2826.87605
原始(未校准),0.382,0.6175579211020664,0.8488291794839601,0.2741928942245295,0.5599255330798955,4865.769769586896,8544.063102929254,1372.9552364997912,2846.5348
原始(未校准),0.383,0.6160676268002505,0.8480758365245779,0.2746122415790865,0.5582515918086388,4876.457010032465,8578.368232791474,1372.1420391225663,2862.61725
原始(未校准),0.384,0.6143769567939887,0.8470713792454014,0.2750417872722084,0.5563899188060262,4890.217903408204,8619.088615385539,1371.5740787631753,2877.10845
原始(未校准),0.385,0.6127363807138384,0.8463180362860192,0.27553293682424834,0.5545282458034136,4903.661006326595,8661.28290040649,1370.3860664281792,2896.54315
原始(未校准),0.386,0.6111208515967439,0.8457530290664825,0.27607688839706546,0.5526509284898546,4919.571218369484,8710.774809863118,1369.9270296357092,2925.78425
原始(未校准),0.387,0.6095053224796494,0.844497457467512,0.27639770695925536,0.5509456985967053,4934.804926805123,8757.993044597273,1368.8476887992617,2936.3818
原始(未校准),0.388,0.6078522229179711,0.8431163287086446,0.27669612872653854,0.5492248243926097,4948.450491883694,8800.927747009966,1367.7647236546513,2941.3392
原始(未校准),0.389,0.6060864120225423,0.8417351999497772,0.27704768989172657,0.547363151389997,4963.1175961000035,8845.871678975596,1366.5111969828497,2960.0617
原始(未校准),0.39,0.6042454602379461,0.8407935212505493,0.2775808825053369,0.5452981023450822,4978.671828667037,8893.857293621884,1364.6395457698916,2978.3924
原始(未校准),0.391,0.6027426424546024,0.8398518425513215,0.2779613123065096,0.5436554496957181,4990.373667261374,8930.888617571956,1362.6034835217204,2990.08395
原始(未校准),0.392,0.6008891671884784,0.8380940423127629,0.2782351347408349,0.5417781323821592,5006.058668595516,8978.572654554673,1361.4119528462272,3001.5952
原始(未校准),0.393,0.5992235441452723,0.8370895850335865,0.2786741347600736,0.5399477480014393,5019.761931717018,9022.066687442411,1359.7568615219977,3020.2634
原始(未校准),0.394,0.597495303694427,0.8360851277544102,0.2791448333682666,0.5380391420659877,5036.235497818302,9070.227988824408,1359.0007521998134,3044.2681
原始(未校准),0.395,0.595654351909831,0.8345784418356457,0.27950297500157684,0.5361148918195898,5052.3612320366965,9122.794993924723,1357.6556643329266,3053.9445
原始(未校准),0.396,0.5942016280525986,0.8335112059765208,0.27982801863131496,0.5345661050359037,5064.651370656398,9162.386365622795,1355.6941209758252,3067.48725
原始(未校准),0.397,0.5924358171571696,0.8321300772176533,0.28019701517777873,0.5327044320332911,5078.2340681914475,9204.97113201147,1353.4318670138682,3077.88465
原始(未校准),0.398,0.5907576706324358,0.8308745056186829,0.2805689815992538,0.5309209805854102,5091.179056455847,9251.68950591688,1351.3210349859467,3090.6514
原始(未校准),0.399,0.5891296180338134,0.829681712599661,0.2809404362059436,0.5291844620703681,5102.6520024140245,9290.058487449607,1348.9098038162495,3105.4188
原始(未校准),0.4,0.5872385723231058,0.828363362420742,0.28139728306071526,0.5271507016473459,5119.337461570301,9342.260784203536,1347.2037126081498,3126.0877
原始(未校准),0.401,0.5854978083907326,0.826919455081926,0.2817419575633128,0.5253359615775723,5136.966913812385,9398.489569453983,1346.7648330991958,3143.94775
原始(未校准),0.402,0.5838697557921102,0.8258522192228012,0.28216292737334303,0.5235681544406376,5150.845563250213,9445.05672996408,1345.7426544829152,3156.1901
原始(未校准),0.403,0.581941139636819,0.8242199761441397,0.2825385211328226,0.5215656826395081,5164.952226014553,9490.974544616503,1343.5890048896047,3166.0205
原始(未校准),0.404,0.5801252348152787,0.8229644045451692,0.28299117069274443,0.5196101437712176,5180.829319697522,9545.039979320556,1341.81333486067,3185.3854
原始(未校准),0.405,0.5786224170319348,0.8216460543662503,0.28327164902711943,0.5180613569875315,5191.821384340033,9583.732165705063,1339.6681712521076,3189.52225
原始(未校准),0.406,0.5768816530995616,0.8202649256073827,0.2836488364015283,0.5162309726068115,5207.139155221639,9634.867218962743,1337.8472085874698,3201.67445
原始(未校准),0.40700000000000003,0.575278647463995,0.8191349111683094,0.2840473702542668,0.5145100984027159,5218.9399124929605,9675.86459163306,1335.846421958259,3214.1643
原始(未校准),0.40800000000000003,0.5734376956793988,0.8175654466695963,0.2844132870340038,0.5126014924672643,5233.543435906668,9728.417896186362,1333.3468442869937,3227.74405
原始(未校准),0.40900000000000003,0.5714214151534126,0.8157448678510892,0.284781274655913,0.5105364434223495,5248.642651830568,9781.664070947436,1329.6730298209611,3237.8912
原始(未校准),0.41000000000000003,0.5693800876643706,0.8142381819323247,0.2852743868910151,0.5083618842008104,5263.066955288321,9833.277979482333,1326.2457995450966,3253.25015
原始(未校准),0.41100000000000003,0.5677019411396368,0.8124803816937661,0.2854999889700205,0.5067035872405,5274.582948276008,9874.432924576131,1323.4584542655307,3257.8771
原始(未校准),0.41200000000000003,0.5661740763932374,0.8115387029945382,0.2859386405361764,0.5050296459692433,5284.044548276987,9908.076973859324,1320.6200213013994,3271.19705
原始(未校准),0.41300000000000003,0.5644583594239199,0.8099064599158767,0.28623091941782036,0.5032931274542013,5295.723605328919,9951.31854272303,1317.0715970489416,3277.64925
原始(未校准),0.41400000000000003,0.5627676894176581,0.8086508883169062,0.2866457484923337,0.501494031695374,5307.602130616355,9994.440274919347,1313.9992401587535,3285.9369
原始(未校准),0.41500000000000004,0.5608766437069506,0.8071442023981418,0.287076318492386,0.4995072042051908,5321.0177069399815,10044.789957432175,1310.5336897305049,3294.2533
原始(未校准),0.41600000000000004,0.5591484032561052,0.8060141879590683,0.2875604730335065,0.49762988689163185,5334.002934923415,10086.319772039122,1308.3639401470712,3308.4211
原始(未校准),0.417,0.5572698810269255,0.8045075020403039,0.28799047148186435,0.495658703712395,5350.2077815971115,10144.406675806535,1305.426921645595,3320.3773
原始(未校准),0.418,0.5553412648716343,0.8031891518613848,0.2885170485296771,0.49357801035653387,5366.666933610302,10202.703225708501,1302.316437986536,3342.86585
原始(未校准),0.419,0.5535879774577332,0.8016824659426204,0.2888878834494616,0.4917632702867602,5380.173390276436,10249.563942924278,1299.3496789225721,3354.7111
原始(未校准),0.42,0.551859737006888,0.8006152300834956,0.28940679889257026,0.48987030866225495,5392.12576087599,10294.496396023693,1295.4631174639453,3373.91935
原始(未校准),0.421,0.5502943018159048,0.7985435369451943,0.28947907421314945,0.4884310320551931,5402.321157954414,10334.058798602033,1291.8339727273126,3373.59835
原始(未校准),0.422,0.5486412022542266,0.7972251867662753,0.28987194412107103,0.48669451354015114,5416.390282875829,10385.763860081812,1289.1140754889602,3395.064
原始(未校准),0.423,0.5466249217282404,0.7955929436876138,0.29034549120234604,0.48458253156239733,5430.785724889436,10439.62237307296,1285.1368093512851,3409.4906
原始(未校准),0.424,0.5449718221665623,0.7939607006089522,0.2906287342586635,0.48292423460208694,5444.953711377589,10493.206475440851,1281.7345750803217,3416.5192
原始(未校准),0.425,0.5431433938634941,0.7927679075899303,0.2911690108369841,0.48093740711190375,5459.644563647018,10547.302449148829,1278.4741091735043,3432.0895
原始(未校准),0.426,0.5414902943018159,0.791763450310754,0.2916878671538924,0.47912266704213013,5471.936054046409,10598.530767224565,1274.1018127046964,3447.76155
原始(未校准),0.427,0.5398497182216656,0.790445100131835,0.29208713202032155,0.47740179283803447,5484.669283012435,10645.881808206765,1271.2765135488096,3461.0129
原始(未校准),0.428,0.5379336255479024,0.7890011927930191,0.2925920752432835,0.4753680324150123,5496.309679677819,10689.641974039265,1266.9032700366192,3469.5877
原始(未校准),0.429,0.5359423919849718,0.7876200640341515,0.2931650893796004,0.4732247618153658,5509.611897916513,10743.822289740421,1262.3492178063468,3492.1084
原始(未校准),0.43,0.5342266750156544,0.78598782095549,0.2934971166018097,0.47148824330032385,5521.528856655,10789.503279427854,1258.532841332957,3494.05775
原始(未校准),0.431,0.5327489041953664,0.784669470776571,0.2938175834508698,0.4699707451385304,5532.281258614699,10833.504930486852,1253.9530886959258,3499.76925
原始(未校准),0.432,0.5310832811521603,0.7834766777575491,0.29429103685712266,0.4681872936906494,5543.280997228403,10879.032446986379,1249.5957729355407,3511.3099
原始(未校准),0.433,0.5294927989981215,0.781907213258836,0.2945837275307474,0.4665915739741243,5552.216566125313,10916.546613597884,1245.2854889381276,3517.8551
原始(未校准),0.434,0.5279398872886663,0.7805888630799172,0.29495208274029794,0.4649802099466529,5561.796041225508,10953.994706776151,1241.5528071579351,3522.31295
原始(未校准),0.435,0.5264245460237946,0.7796471843806894,0.2954442726299512,0.4633219129863425,5569.597358448188,10989.682477886698,1237.1623854599968,3528.80015
原始(未校准),0.436,0.5247839699436443,0.7778893841421307,0.29569969453990075,0.4617105489588711,5580.243684686546,11034.308313106549,1232.624120692241,3534.08735
原始(未校准),0.437,0.5226675015654352,0.7762571410634691,0.2962741104588475,0.45947341249354673,5594.0731254601,11089.055850663275,1227.7212293576747,3545.2688
原始(未校准),0.438,0.5208515967438948,0.7753782409441898,0.29697042558307285,0.45742400775957825,5604.6907421720325,11136.104940066916,1221.465173823892,3563.28505
原始(未校准),0.439,0.5189104571070757,0.7738087764454769,0.29747797755520694,0.4553902473365561,5617.314412525615,11186.615910567554,1216.375854554206,3579.33035
原始(未校准),0.44,0.5171571696931747,0.7724276476866093,0.2979537474270493,0.4535442186448898,5627.441810198626,11233.152848317179,1210.960836786868,3586.02145
原始(未校准),0.441,0.5156042579837194,0.7708581831878963,0.2982439095479828,0.45199543186120367,5638.06899938574,11278.23263965738,1206.3787195516777,3597.5849
原始(未校准),0.442,0.5140638697557921,0.7694770544290288,0.29860163710777626,0.4504153564556249,5649.658720026133,11322.43881783334,1202.9203747260376,3606.4234
原始(未校准),0.443,0.5121853475266124,0.7679703685102643,0.29910998092816277,0.448444173276388,5662.230296272337,11376.098221449125,1197.2519856896236,3619.11905
原始(未校准),0.444,0.5103443957420163,0.7664009040115513,0.29957547054060024,0.44653556734093647,5674.765576913896,11431.47012091947,1192.013074182458,3628.29805
原始(未校准),0.445,0.5087789605510332,0.7652708895724779,0.3000541525131689,0.44486162606967977,5685.304992089565,11475.058759387251,1187.2449974726949,3634.21505
原始(未校准),0.446,0.5070131496556043,0.7639525393935589,0.30058046189946896,0.4429843087561208,5697.462324425098,11529.091198995227,1182.5694167379506,3648.3919
原始(未校准),0.447,0.5052473387601754,0.762759746374537,0.3011600237953599,0.44107570282066927,5709.264169663205,11582.417657460946,1176.8683812853208,3658.3732
原始(未校准),0.448,0.5036693800876644,0.7613786176156695,0.3015565169824457,0.43944869448225155,5717.494446524635,11621.63488858015,1171.0726200506251,3662.4016
原始(未校准),0.449,0.5022291797119599,0.759871931696905,0.30182280627384483,0.438025062186136,5726.784271816223,11660.146115133552,1167.1866339484814,3668.9328
原始(未校准),0.45,0.5005760801502818,0.758553581517986,0.30229416326836955,0.436288543671094,5737.3626486981775,11708.282318151445,1161.8124756635714,3677.21535
原始(未校准),0.451,0.49891045710707577,0.7562307740598908,0.30237461719965864,0.4347866898202469,5747.556906617004,11760.164510168994,1156.0971336408793,3673.4934
原始(未校准),0.452,0.49730745147150907,0.7547868667210748,0.3027700831024931,0.4331440371708828,5757.719226201026,11807.770917953607,1150.549662837022,3683.47335
原始(未校准),0.453,0.4953412648716343,0.7527151735827735,0.3031375622582358,0.43120414261353857,5770.615006065452,11863.019598768527,1144.4220236146073,3685.27425
原始(未校准),0.454,0.4934627426424546,0.7515851591437002,0.3038347333959343,0.4291390935686238,5781.487559825798,11917.007871843945,1137.8741568446935,3708.20965
原始(未校准),0.455,0.49184721352536004,0.7494506874254504,0.30396700106940977,0.427652884028723,5790.090515423955,11960.23017606083,1131.7922757536192,3699.51155
原始(未校准),0.456,0.49020663744520976,0.7478812229267374,0.30434560457808546,0.4259945870684126,5800.289514378578,12010.46766529956,1126.0031166772906,3707.23765
原始(未校准),0.457,0.4884157795867251,0.7461862012681273,0.3047692307692308,0.4241798469986389,5809.640270845719,12056.081549377976,1119.0590972914085,3707.7986
原始(未校准),0.458,0.48671258609893553,0.7444911796095173,0.3051410045286126,0.4224746171054896,5820.842238862522,12109.079004145127,1113.4220689380154,3713.41895
原始(未校准),0.459,0.48488415779586724,0.7425450436311131,0.30549098610465414,0.4206755213466623,5831.445212077777,12159.419719207219,1106.9010149404592,3719.29345
原始(未校准),0.46,0.4833061991233563,0.741101136292297,0.3058924129353234,0.4190641573191909,5839.027148224473,12199.818006351907,1101.2538932512996,3727.14295
原始(未校准),0.461,0.48150281778334375,0.7397827861133781,0.30649188514357056,0.41713990707279297,5849.793531267495,12250.44690084892,1094.7700709266219,3741.3015
原始(未校准),0.462,0.47966186599874766,0.7384016573545107,0.30709380956110804,0.41518436820450244,5859.84752698098,12300.954944452451,1087.2072572332168,3754.93865
原始(未校准),0.463,0.47788353162179087,0.7363299642162094,0.30737178647239183,0.4134791383113531,5869.145705575817,12350.33016582624,1080.2386049611425,3748.2814
原始(未校准),0.464,0.4760926737633062,0.7350116140372904,0.3079755892255892,0.4115705323759015,5882.275884262174,12410.784829786404,1073.9234116379098,3761.3331
原始(未校准),0.465,0.4742141515341265,0.7331910352187834,0.30842972587545553,0.40967757075139627,5889.817096198498,12455.152553063139,1065.5363315766049,3769.02875
原始(未校准),0.466,0.47251095804633686,0.7318726850398644,0.30898489265836204,0.40787847499256896,5897.804247948467,12499.87931522556,1058.018686942084,3781.66935
原始(未校准),0.467,0.4709705698184095,0.7302404419612029,0.309304118914032,0.4063609768307755,5904.168212011638,12538.567347646935,1051.1386397835925,3776.73585
原始(未校准),0.468,0.46906700062617407,0.7282943059827987,0.30973167801361634,0.40446801520627024,5913.78706183648,12591.098603671255,1043.1354205271937,3780.6039
原始(未校准),0.46900000000000003,0.4671133375078272,0.7264737271642916,0.3102496045470388,0.40248118771608704,5924.87783452138,12645.477966881446,1035.2281643839337,3783.56475
原始(未校准),0.47000000000000003,0.4654727614276769,0.7249042626655785,0.31067046922083513,0.40082289075577665,5933.447944659149,12693.362534755317,1028.2352411188103,3792.42045
原始(未校准),0.47100000000000003,0.4638948027551659,0.7233347981668654,0.31105231898925545,0.3992428153501979,5942.6405480941785,12742.0849865669,1021.2372259345661,3793.7067
原始(未校准),0.47200000000000003,0.46230432060112714,0.7218908908280495,0.31149939049167,0.3976158070117802,5949.15256278476,12780.278130783847,1015.2354996563148,3790.2568
原始(未校准),0.47300000000000003,0.4604884157795867,0.7200703120095423,0.31193908077236876,0.39580106694200656,5957.123968631125,12826.252926195484,1007.2789163029607,3790.38165
原始(未校准),0.47400000000000003,0.45869755792110206,0.7180613974511897,0.3122832882845988,0.39406454842696453,5966.807630591223,12880.186164090901,998.4288812126225,3790.83345
原始(未校准),0.47500000000000003,0.4568065122103945,0.716178040052734,0.3127535914025661,0.3921715868024593,5975.159536792871,12931.083095756145,989.6522065684296,3796.6183
原始(未校准),0.47600000000000003,0.45492798998121475,0.714608575554021,0.31335682431316414,0.39021604793416875,5985.81569532405,12988.096134310754,981.5663425811965,3810.1809
原始(未校准),0.47700000000000004,0.4533625547902317,0.7130391110553079,0.3137482389989227,0.3886516168395363,5993.316661052847,13030.36570033769,974.3623551852788,3817.7349
原始(未校准),0.47800000000000004,0.4518096430807765,0.7110301964969552,0.31393962912659035,0.3872123402324745,6001.534889044504,13078.777337661506,966.6274724082801,3821.6356
原始(未校准),0.47900000000000004,0.4498309329993738,0.7092096176784481,0.31451321027868256,0.3851942241203986,6009.959403351137,13134.09457243998,956.461141002835,3816.14975
原始(未校准),0.48,0.4482780212899186,0.7077657103396321,0.31496018997066627,0.38361414871481986,6016.4640706501605,13176.751539277282,947.8878910883568,3822.1015
原始(未校准),0.481,0.44658735128365684,0.7060706886810221,0.3153954010095345,0.3819245631326168,6024.482422877993,13227.170344315651,939.7378077359994,3830.69695
原始(未校准),0.482,0.4446462116468378,0.7042501098625149,0.3159554992254612,0.37995337995337997,6033.741013837173,13284.776903055155,929.9358276797542,3844.30275
原始(未校准),0.483,0.44291797119599247,0.7028689811036475,0.31656629060989055,0.37813863988360635,6041.121368690539,13336.766956891604,920.747619885336,3858.28615
原始(未校准),0.484,0.44122730118973075,0.7008600665452948,0.31687102633969116,0.37652727585613494,6049.61673595433,13386.658898758884,912.3912871843837,3856.2182
原始(未校准),0.485,0.4394740137758297,0.6989767091468391,0.31728029180439987,0.3748064016520392,6057.388568473021,13439.936154717245,903.1515032385744,3858.9154
原始(未校准),0.486,0.43789605510331875,0.6977839161278172,0.31788022650574843,0.3731324603807825,6065.358876060657,13489.665877435435,895.1113620742424,3869.4159
原始(未校准),0.487,0.43638071383844707,0.6964655659488982,0.3183814033577271,0.37156802928615007,6072.261972397227,13534.603810737408,887.1059856095387,3879.52355
原始(未校准),0.488,0.4343644333124609,0.6944566513905456,0.31893668550340215,0.36954991317407426,6078.2884220472315,13586.293449382061,875.4500859402947,3885.15635
原始(未校准),0.489,0.43284909204758926,0.692949965471781,0.3193588519515088,0.3680324150122808,6084.68541175799,13633.057642281121,867.4558452026259,3888.74185
原始(未校准),0.49,0.4313963681903569,0.691129386653274,0.31959241733677823,0.36667135995995054,6090.137666975456,13670.349458827766,859.8669199216403,3888.8916
原始(未校准),0.491,0.4297307451471509,0.6894343649946638,0.32004429678848284,0.3650130629996402,6095.647200587806,13713.500896564228,851.1211936886687,3895.02125
原始(未校准),0.492,0.42783969943644334,0.6881160148157449,0.3208441881567778,0.36297930257661803,6104.129750084215,13773.1315943857,840.731476094234,3910.0538
原始(未校准),0.493,0.42616155291170943,0.6866093288969803,0.32140233330394663,0.3612584283725223,6110.536634743228,13823.170155325046,831.6320067573419,3916.21935
原始(未校准),0.494,0.42434564809016906,0.6849770858183188,0.322010388383898,0.3593967553699097,6116.015153007745,13869.398966958881,820.6807638582353,3924.1181
原始(未校准),0.495,0.4226675015654352,0.6831565069998117,0.3224296296296296,0.3577541027205457,6121.186490400224,13911.09409725003,810.9417649284115,3931.9119
原始(未校准),0.496,0.4209768315591734,0.6812103710214075,0.32280232039268186,0.3561270943821279,6129.5285736214055,13963.698698186905,801.8032960286346,3937.0569
原始(未校准),0.497,0.4193988728866625,0.67982924226254,0.32335990922392427,0.3545000860437102,6135.352468610822,14004.319217508542,793.1277437638261,3945.48225
原始(未校准),0.498,0.4177332498434565,0.6781969991838784,0.323869768557381,0.3528261447724535,6141.034733728,14051.870150168234,782.997602774885,3950.33
原始(未校准),0.499,0.4157921102066374,0.6763764203653714,0.32450829794283303,0.3508549615932166,6148.0378599325,14109.746463705433,771.4065043797791,3965.83155
原始(未校准),0.5,0.4137883531621791,0.6748697344466068,0.3253533488695863,0.3487273353045165,6155.04071689759,14163.341139811746,760.4603257982832,3979.7526
原始(未校准),0.501,0.41184721352536,0.672735262728357,0.3258529465426017,0.34683437368001124,6159.160523551063,14206.71179533571,748.5972263818862,3977.4214
原始(未校准),0.502,0.410181590482154,0.6712913553895411,0.32647391078679816,0.3451134994759156,6165.321624306232,14255.439349658152,739.2523638268716,3986.5503
原始(未校准),0.503,0.40840325610519723,0.6699102266306736,0.3272208763914017,0.3432361821623567,6171.989107705144,14309.413808995825,728.5385924529177,4003.93235
原始(未校准),0.504,0.40667501565435193,0.6677757549124239,0.3275644381486158,0.3416091738239389,6178.9540188331275,14362.62611839394,718.5910075740013,3999.37595
原始(未校准),0.505,0.40502191609267374,0.6661435118337623,0.328097461426672,0.3399508768636285,6183.884289543268,14409.062550300261,708.0343382487818,4005.635
原始(未校准),0.506,0.40324358171571695,0.6641973758553581,0.328581632969968,0.33821435834858654,6188.626054236343,14456.504904832183,696.5968348943546,4009.0706
原始(未校准),0.507,0.4016155291170945,0.6620001255571599,0.3288222270728741,0.33672814880868573,6193.968127972834,14508.185018717593,685.4084247007521,4006.24165
原始(未校准),0.508,0.39997495303694425,0.6603678824784983,0.3293568789529714,0.33508549615932165,6198.498132093175,14555.979004326084,674.1242069433029,4009.13675
原始(未校准),0.509,0.3981590482154039,0.6583589679201457,0.3298524832510301,0.333317689022387,6205.240880755811,14615.183002671503,661.2044796023056,4010.64835
原始(未校准),0.51,0.3965184721352536,0.6564128319417415,0.33023814035752636,0.33175325792775456,6209.984431433697,14662.410380069834,650.1800705389699,4015.61525
原始(未校准),0.511,0.3947401377582968,0.6546550317031828,0.3308375634517767,0.3299698064798736,6216.755939622086,14723.754049682952,637.3726644281759,4025.48395
原始(未校准),0.512,0.3929993738259236,0.6523322242450875,0.33112392849176253,0.3283740867633485,6222.948145239653,14782.01880378212,624.5559554145913,4022.8032
原始(未校准),0.513,0.39099561678146527,0.6498210810471468,0.3315396688126582,0.32649676944978956,6226.5129780354155,14835.556565726554,610.1875657881068,4023.5402
原始(未校准),0.514,0.38911709455228555,0.6479377236486911,0.3321746966624827,0.32461945213623067,6229.932311905655,14882.646295012337,597.5770897006429,4027.17935
原始(未校准),0.515,0.38751408891671885,0.646368259149978,0.3327408460718095,0.32300808810875925,6235.308221367972,14933.075330686175,587.7536873971251,4039.31165
原始(未校准),0.516,0.3859737006887915,0.6444221231715739,0.3330629461388709,0.3215688115016974,6239.940041072273,14981.7476940634,576.8371997525113,4042.5011
原始(未校准),0.517,0.3844082654978084,0.6424759871931697,0.33340935005701255,0.3200982462727429,6243.675827690092,15025.399093987664,564.9851867313754,4043.27335
原始(未校准),0.518,0.3824546023794615,0.640467072634817,0.3340646386587642,0.3181583517153987,6248.504649451625,15080.130484934944,550.9213391008507,4038.48055
原始(未校准),0.519,0.380651221039449,0.638897608136104,0.33482480671163023,0.3162966787127861,6253.482003521342,15133.853689471782,538.9842769015789,4053.21575
原始(未校准),0.52,0.37919849718221665,0.6374537007972879,0.335347930909211,0.3148417577947779,6257.762233756189,15180.493118088332,527.7804040135071,4064.0606
原始(未校准),0.521,0.37745773324984344,0.6347542218595016,0.3354678168546782,0.3133399039439308,6262.1955201417495,15231.559854598861,515.9726558836093,4047.71705
原始(未校准),0.522,0.375554164057608,0.6324941929813548,0.3359677204215019,0.3115251638741572,6267.289403726176,15290.519909077626,502.13042844273895,4046.50985
原始(未校准),0.523,0.37415153412648716,0.6307363927427961,0.3362899986611327,0.3102110417546659,6270.12058587623,15336.440867077845,490.810615681955,4043.0026
原始(未校准),0.524,0.37229805886036316,0.6293552639839287,0.33722416576964476,0.30823985857542907,6275.068378693126,15393.747212459737,477.46582413780305,4055.81175
原始(未校准),0.525,0.3704696305572949,0.6278485780651641,0.3380772091136502,0.30633125263997746,6279.264390394916,15445.37891014598,464.3703469062146,4069.97095
原始(未校准),0.526,0.3688165309956168,0.6262163349865026,0.3387096774193548,0.30467295567966707,6282.666270450322,15493.14610099468,452.2884365879898,4079.0758
原始(未校准),0.527,0.36716343143393865,0.624584091907841,0.3393478409168429,0.30301465871935673,6287.283364143845,15551.496002030397,439.1100809108693,4082.9993
原始(未校准),0.528,0.36524733876017534,0.622889070249231,0.34020229727412993,0.30104347554011984,6290.646682487567,15603.92016473047,424.60197413590083,4097.88165
原始(未校准),0.529,0.3633688165309956,0.6202523698913931,0.34051352748578323,0.2993538899579168,6293.0885590893495,15653.111743630105,411.0959958381203,4095.0907
原始(未校准),0.53,0.3618159048215404,0.6190595768723711,0.3413173652694611,0.29771123730855276,6295.444904888311,15695.97595324137,398.60644861235573,4109.1207
原始(未校准),0.531,0.3598998121477771,0.6171762194739155,0.3420906117335932,0.29578698706215484,6298.961422600316,15755.767135404443,382.4765783378021,4117.4523
原始(未校准),0.532,0.35820914214151534,0.6154811978153054,0.3427612488200538,0.29409740147995184,6301.218869902224,15806.857930303642,367.69380191381015,4119.08075
原始(未校准),0.533,0.3566311834690044,0.6135350618369012,0.34318924043965304,0.292611191940051,6303.883983525212,15848.929735703397,356.1757456276027,4114.12145
原始(未校准),0.534,0.35501565435190985,0.6115889258584971,0.34365740087484126,0.2910780494673112,6305.998514366625,15891.64516598828,342.8202900387793,4112.5039
原始(未校准),0.535,0.35316217908578584,0.609893904199887,0.3445035460992908,0.28918508784280594,6309.204925581406,15946.078387130188,328.79258363928034,4124.88995
原始(未校准),0.536,0.351484032561052,0.6079477682214828,0.3450438252690088,0.2875737238153346,6310.733359375884,15993.357741580028,314.4781387289544,4128.76925
原始(未校准),0.537,0.34960551033187226,0.6058132965032331,0.3456798968333572,0.2857589837455609,6313.014572802182,16050.553614807528,298.6323883186905,4135.8259
原始(未校准),0.538,0.3480400751408892,0.603992717684726,0.3461912129826203,0.2842571298947138,6316.196042336134,16106.492543161628,284.3909677286999,4134.2506
原始(未校准),0.539,0.34639949906073886,0.6020465817063217,0.3467100506146059,0.28269269880008135,6318.421596113665,16157.861193937159,269.62546389668125,4134.4044
原始(未校准),0.54,0.3445835942391985,0.5997237742482265,0.3471924404870071,0.2810031132178783,6322.081805890213,16217.560166218693,254.13072038323517,4123.92555
原始(未校准),0.541,0.3426675015654352,0.5973381882101827,0.3477450478766172,0.279204017459051,6324.87197993203,16276.543428292256,237.457233595456,4113.436
原始(未校准),0.542,0.3408015028177833,0.5948898235921903,0.348215926211737,0.2774831432549553,6327.889452883328,16338.192936464155,219.66111058215787,4105.04185
原始(未校准),0.543,0.3390356919223544,0.5931948019335802,0.34903221040189125,0.2756996918070744,6331.029601252584,16396.770387978522,204.6900138286281,4118.0093
原始(未校准),0.544,0.3373700688791484,0.5913742231150731,0.34967890419094994,0.2740726834686566,6333.203585887046,16451.328583554532,190.12111794246852,4108.0
原始(未校准),0.545,0.33582968065122104,0.5893653085567204,0.35008949880668255,0.2726490511725411,6334.791113337835,16499.12091127106,175.93558951717154,4106.2913
原始(未校准),0.546,0.3340388227927364,0.5874191725783163,0.3508041840062985,0.2708968883465528,6335.205410410418,16549.664914136563,159.2561097351279,4115.38995
原始(未校准),0.547,0.33216030056355667,0.5855985937598092,0.35169475549523055,0.26900392672204754,6337.325716261796,16606.15785636725,143.26422567972978,4131.45125
原始(未校准),0.548,0.3305698184095178,0.5833385648816624,0.35202303379299893,0.267580294425932,6339.929540536812,16661.99449988777,128.49451039730783,4130.4128
原始(未校准),0.549,0.3287664370695053,0.5817691003829494,0.35300167606277616,0.2657186214233194,6340.6110959236275,16713.003282413876,112.19211153427172,4144.331
原始(未校准),0.55,0.3268252974326863,0.5791324000251115,0.35348890677089323,0.2639508142863848,6340.467651779425,16757.724900857695,96.37698042933731,4143.6257
原始(未校准),0.551,0.3250845335003131,0.5771234854667587,0.35414900993913245,0.26227687301512803,6342.846716035261,16816.148284945022,80.38610872247378,4147.86455
原始(未校准),0.552,0.32360676268002503,0.5754284638081486,0.35472136222910217,0.26085324071901256,6343.245180468818,16856.911934033764,66.76921403399596,4153.31705
原始(未校准),0.553,0.32176581089542894,0.5732312135099504,0.35538862725255904,0.2591010778930242,6344.028881319371,16910.707638493044,49.43736583899434,4156.54805
原始(未校准),0.554,0.32001252348152787,0.5712850775315462,0.356122568778617,0.25739584799987486,6342.992608371819,16960.046760994923,31.695626661954808,4153.69845
原始(未校准),0.555,0.31834690043832187,0.5689622700734509,0.3565302911093627,0.2558939941490277,6343.371787967829,17012.703289198023,15.170160569161093,4137.7158
原始(未校准),0.556,0.31664370695053223,0.5668277983552013,0.35710330643885463,0.25429827443250264,6343.111213846738,17062.37641756949,-1.121314200303625,4135.1557
原始(未校准),0.557,0.31469004383218535,0.5638144265176722,0.3574100604902897,0.2526086888502996,6341.002203261454,17114.176071257698,-21.53991710304367,4121.3497
原始(未校准),0.558,0.31304946775203507,0.5622449620189591,0.3582829939592751,0.2509503918899892,6340.845747668538,17164.8428927424,-38.38599582021396,4134.18285
原始(未校准),0.559,0.3112335629304947,0.5602360474606064,0.3590857878641558,0.24918258475305455,6341.525232946133,17219.4256703888,-56.17362537796893,4137.99565
原始(未校准),0.56,0.3094051346274264,0.55753656852282,0.3594673358698292,0.24757122072558313,6342.06020164561,17278.5040113379,-75.5484114633375,4137.3874
原始(未校准),0.561,0.3077520350657483,0.5554020968045703,0.36001464962968993,0.24603807825284335,6341.862473056936,17328.45588474186,-92.58482654094652,4130.2679
原始(未校准),0.562,0.3062116468378209,0.5537698537259087,0.3607623410085477,0.24452058009104988,6340.8769802052675,17374.421117267673,-109.99876460584554,4137.56765
原始(未校准),0.5630000000000001,0.30457107075767065,0.5515726034277104,0.36126644736842106,0.24301872624020274,6339.369384581034,17420.11112387168,-127.13886879753224,4125.22395
原始(未校准),0.5640000000000001,0.30285535378835315,0.5489359030698726,0.3615763139395443,0.24153251670030193,6339.124749310608,17474.725138285452,-145.17869279438654,4109.87115
原始(未校准),0.5650000000000001,0.3012899185973701,0.5468642099315714,0.36208329869482087,0.2400932400932401,6339.040597835848,17522.408991266635,-161.63433051075052,4109.12385
原始(未校准),0.5660000000000001,0.29958672510958045,0.5452319668529098,0.36305492851768245,0.2383723658891444,6335.490649632563,17572.954837269073,-182.3492435659073,4112.6622
原始(未校准),0.5670000000000001,0.29780839073262366,0.5432230522945571,0.36387720773759463,0.23665149168504873,6334.9973091382835,17628.657190514205,-200.66313471458176,4117.69705
原始(未校准),0.5680000000000001,0.29625547902316846,0.5411513591562559,0.36438958403787625,0.2352278593889332,6332.873453946311,17675.5810789269,-218.3633318219698,4112.00545
原始(未校准),0.5690000000000001,0.2946399499060739,0.5396446732374913,0.36536745016364175,0.23358520673956915,6331.247460882401,17718.96630121321,-235.3757363888204,4117.0167
原始(未校准),0.5700000000000001,0.2929993738259236,0.5375102015192417,0.36595999316122413,0.2320677085777757,6330.364790647592,17770.37555979658,-253.19304734125333,4114.26505
原始(未校准),0.5710000000000001,0.291296180338134,0.5353129512210434,0.36659501289767843,0.23048763317219692,6329.513537527015,17826.11549518062,-272.14641304319093,4107.19025
原始(未校准),0.5720000000000001,0.289906073888541,0.5338690438822273,0.3673592811784526,0.2291109338089204,6327.629514530337,17867.712480927934,-288.31275695568866,4107.3829
原始(未校准),0.5730000000000001,0.2881277395115842,0.5318601293238747,0.368235754335637,0.2273900596048247,6325.31638059252,17915.581652757675,-306.6370180471402,4115.0796
原始(未校准),0.5740000000000001,0.2863494051346274,0.5296628790256764,0.3689919090312705,0.225716118333568,6323.184710810647,17969.036873572462,-326.692582672681,4110.77345
原始(未校准),0.5750000000000001,0.28455854727614277,0.5277795216272207,0.36999383857054835,0.22394831119663333,6320.3746260714215,18020.2159654126,-347.32148540225324,4120.3061
原始(未校准),0.5760000000000001,0.28299311208515965,0.5263356142884048,0.37102270212860117,0.22235259148010825,6316.740759472801,18061.744393111538,-365.85385085970114,4127.41475
原始(未校准),0.577,0.28135253600500937,0.5240128068303095,0.37153921481349594,0.22088202625115377,6313.575876665398,18112.587400883804,-385.33428254081014,4115.68575
原始(未校准),0.578,0.27969943644333123,0.522380563751648,0.372570968030805,0.21922372929084338,6312.020349455262,18168.428186501606,-405.12090135167546,4120.3257
原始(未校准),0.579,0.27808390732623667,0.5205599849331408,0.37342940779103806,0.21765929819621094,6308.603922159551,18213.27788346423,-424.0036196735248,4123.53745
原始(未校准),0.58,0.27650594865372574,0.5186766275346851,0.37420173015082203,0.2161574443453638,6305.846071891658,18250.43124737203,-440.16085683589966,4127.262
原始(未校准),0.581,0.27497808390732625,0.5166677129763325,0.37482351869563235,0.2147494563601946,6302.5706694064065,18301.337510413563,-460.10168004046596,4126.5009
原始(未校准),0.582,0.2731747025673137,0.5144076840981857,0.3756475496263696,0.21305987077799157,6299.588747222255,18357.092503929776,-482.0412029665189,4126.14035
原始(未校准),0.583,0.2716718847839699,0.5120848766400904,0.3760199142580556,0.21176139296944665,6297.216997327974,18403.23970469887,-499.94683843026627,4115.014
原始(未校准),0.584,0.26983093299937383,0.5090715048025614,0.3763575605680869,0.21021260618576054,6294.812403823795,18465.557768110095,-522.3061277513538,4102.38345
原始(未校准),0.585,0.2684533500313087,0.5070625902442086,0.3767960440380668,0.20899234993194724,6292.133813887707,18500.80008756374,-538.2527366713806,4096.8155
原始(未校准),0.586,0.2666750156543519,0.5051164542658045,0.3778529163144548,0.20725583141690523,6288.615920420982,18560.245764492058,-561.1718719840909,4103.4668
原始(未校准),0.587,0.26530995616781466,0.5033586540272459,0.37847533632286995,0.20598864223025296,6285.092665205883,18605.571272155874,-578.7635558475125,4101.1615
原始(未校准),0.588,0.263331246086412,0.5009102894092535,0.3794644980263471,0.20412696922764037,6281.602492822502,18669.51110874465,-602.4598626900101,4105.76605
原始(未校准),0.589,0.2617783343769568,0.4986502605311068,0.37999330239678514,0.2027502698643638,6276.2236067603135,18717.20614624396,-624.2615641426391,4099.81685
原始(未校准),0.59,0.26005009392611145,0.49601356017326886,0.3804960269684565,0.20124841601351667,6273.307709764236,18770.45128272497,-645.0373693738039,4092.6648
原始(未校准),0.591,0.2585347526612398,0.49419298135476175,0.3813214493315249,0.19980913940645484,6269.9292062081995,18819.0227069283,-664.5842895164812,4098.6848
原始(未校准),0.592,0.25705698184095177,0.49155628099692383,0.38146740719087985,0.1986201717745342,6267.83720299404,18870.119593427535,-683.7156208661971,4083.2453
原始(未校准),0.593,0.2553537883531622,0.4893590306987256,0.3822952427660618,0.19704009636895542,6263.416203571482,18924.95086596589,-706.4022163405458,4077.55035
原始(未校准),0.594,0.2538259236067627,0.4868478875007847,0.3826228537596211,0.19575726287135684,6260.376745981932,18977.219420272675,-726.36282967293,4061.7516
原始(未校准),0.595,0.25227301189730744,0.48452508004268946,0.3831413820492454,0.1943962078190266,6256.935156230394,19027.91228410672,-746.8565074577693,4046.25685
原始(未校准),0.596,0.25082028804007517,0.48220227258459414,0.3835130816856401,0.193160307254267,6252.8054705050845,19073.702180393,-765.5323155116922,4029.01115
原始(未校准),0.597,0.2495554164057608,0.48050725092598406,0.3841019721985246,0.19200262824423897,6249.649286516871,19114.491771438265,-782.1335447537515,4029.4397
原始(未校准),0.598,0.2481026925485285,0.4788750078473225,0.3850386149109081,0.1905946402590698,6245.431420092436,19159.379212712563,-801.416196221117,4034.06485
原始(未校准),0.599,0.24681277395115842,0.4773055433486095,0.385782423381368,0.1893743840052565,6241.704196760674,19201.764837988638,-819.1572306145518,4036.1528
原始(未校准),0.6,0.24528490920475893,0.47498273589051415,0.38629633411620545,0.1880446175748189,6236.559653741606,19250.145322995402,-841.0243802047547,4019.2599
原始(未校准),0.601,0.24341891045710706,0.4730993784920585,0.38771415341873744,0.18618294457220633,6230.991265498285,19314.296742411778,-867.6987309397317,4035.9149
原始(未校准),0.602,0.24169067000626174,0.4710276853537573,0.38877662055028755,0.18454029192284227,6225.075961438645,19364.713974224494,-890.0254438700642,4039.88015
原始(未校准),0.603,0.24023794614902944,0.46914432795530164,0.3895636761716103,0.18319488118145835,6220.726404097114,19412.03487822584,-911.0750582457684,4044.19175
原始(未校准),0.604,0.23888541014402004,0.46738652771674305,0.39030144167758846,0.1819433363057524,6216.178392446211,19457.79005218051,-930.0673243924331,4051.6589
原始(未校准),0.605,0.23745773324984346,0.4654403917383389,0.3910131322187648,0.1806448584972075,6210.961036108752,19496.297884288088,-948.8105684927899,4048.0012
原始(未校准),0.606,0.23592986850344397,0.4628664699604495,0.39136896862890813,0.1793776693105552,6205.5429217968,19543.2882360193,-969.3015325567652,4034.7583
原始(未校准),0.607,0.23443957420162806,0.46092033398204535,0.3922008547008547,0.17800096994727868,6200.363612768877,19588.710498607023,-989.5876935626918,4030.59375
原始(未校准),0.608,0.23283656856606136,0.45859752652395,0.3929109294320138,0.17657733765116315,6195.437775398908,19642.816764288396,-1012.121649359757,4020.36835
原始(未校准),0.609,0.23140889167188478,0.4566513905455459,0.39365732222101957,0.17527885984261823,6189.408604690605,19683.300182349278,-1031.5442249052787,4014.21185
原始(未校准),0.61,0.22985597996242957,0.45470525456714167,0.39462787403290833,0.17382393892461007,6183.7003922252225,19732.784429761596,-1053.4170999081318,4016.2587
原始(未校准),0.611,0.22847839699436442,0.4520057756293553,0.394650295987722,0.17277577009120634,6177.932976806152,19779.415032553865,-1074.1306432036868,3996.9204
原始(未校准),0.612,0.22727614276768943,0.45024797539079664,0.3951950628168393,0.1717119569468563,6172.359118240209,19817.216619958515,-1091.6135161425864,3995.48015
原始(未校准),0.613,0.22541014402003756,0.44742293929311316,0.39596644258014335,0.17008494860843854,6165.078661732551,19872.49491197573,-1118.071587950382,3985.65255
原始(未校准),0.614,0.22375704445835942,0.44459790319542974,0.39637320199250015,0.1687238935561083,6156.64685361036,19928.392096516407,-1145.1258797056596,3972.31435
原始(未校准),0.615,0.22215403882279275,0.44246343147718,0.39731664693612945,0.16725332832715384,6150.499453075699,19988.735682975584,-1170.394964726582,3965.3677
原始(未校准),0.616,0.22043832185347526,0.4401406240190847,0.39830701056698103,0.1656888972325214,6143.3177909653,20046.28421128839,-1196.0949326661128,3959.85775
原始(未校准),0.617,0.21904821540388228,0.438257266620629,0.39911954719570064,0.1644217080458691,6136.822437325917,20089.00664922131,-1217.3826247760483,3952.06915
原始(未校准),0.618,0.21778334376956793,0.43656224496201895,0.39988499137435307,0.1632640290358411,6130.373399954268,20124.9199111058,-1235.975735795045,3946.99995
原始(未校准),0.619,0.2164057608015028,0.43480444472346036,0.4008101851851852,0.16198119553824253,6123.922198805111,20164.255278390487,-1256.631025458818,3944.4606
原始(未校准),0.62,0.21505322479649341,0.4331094230648503,0.4017586769159096,0.16071400635159025,6117.566180526024,20213.296069350134,-1278.531324191407,3945.8848
原始(未校准),0.621,0.21329993738259237,0.4302216083872183,0.4023602630342884,0.15924344112263575,6107.887288041518,20269.782664594757,-1306.8770851068527,3927.9497
原始(未校准),0.622,0.21194740137758297,0.4284010295687112,0.4032143701252659,0.15800754055787614,6102.243836326686,20313.517530698315,-1326.9125936411701,3923.45095
原始(未校准),0.623,0.21064495929868504,0.4261410006905644,0.4035671819262782,0.15694372741352608,6096.483602218702,20357.343164189857,-1346.6289420865946,3906.42795
原始(未校准),0.624,0.20948027551659362,0.4243832004520058,0.40413702397321694,0.155926847202015,6089.869351218003,20400.34249030094,-1366.9799760829587,3902.81285
原始(未校准),0.625,0.20783969943644334,0.4219348358340134,0.4049771029163654,0.15448757059495313,6080.596898526013,20457.11892286066,-1395.0573357832998,3892.45065
原始(未校准),0.626,0.20637445209768315,0.41954924979596964,0.4055464530614722,0.15325167003019352,6071.291753757146,20497.930934904085,-1419.6859941432413,3881.26365
原始(未校准),0.627,0.20488415779586724,0.41760311381756543,0.40660146699266503,0.15187497066691696,6063.491236866751,20547.76139214775,-1444.4868358757328,3879.86325
原始(未校准),0.628,0.20356919223544145,0.41590809215895536,0.40756690249154104,0.15065471441310369,6054.547164313411,20593.52693869035,-1468.525217150323,3870.8387
原始(未校准),0.629,0.20232936756418285,0.4138991776006027,0.4080836840802179,0.14960654557969993,6047.127830709163,20635.376989550383,-1489.4957126283307,3867.4192
原始(未校准),0.63,0.20090169067000627,0.4114508129826103,0.40855254955741177,0.14843322225872563,6039.045120050446,20681.082277950092,-1513.0340621538542,3855.5259
原始(未校准),0.631,0.19983719474013775,0.4099441270638458,0.4092247916274989,0.14747891929099982,6032.4592517913115,20715.20839948908,-1531.9792206912539,3850.0982
原始(未校准),0.632,0.1982968065122104,0.4077468767656476,0.41019325502084125,0.1461022199277233,6023.426233622561,20765.241193303347,-1558.6184254218351,3841.9453
原始(未校准),0.633,0.19691922354414526,0.4054868478875008,0.41077334011701855,0.1449445409176953,6015.426376510555,20816.99739376804,-1582.1531494630503,3830.57975
原始(未校准),0.634,0.19554164057608014,0.40360349048904515,0.41174586909184063,0.14369299604198932,6006.882897702554,20854.295805481783,-1603.3937861750965,3828.16065
原始(未校准),0.635,0.19403882279273638,0.40077845439136167,0.4120304634051891,0.142519672721015,5996.854313920195,20896.81285692867,-1629.0981219767627,3811.49805
原始(未校准),0.636,0.19257357545397621,0.3986439826731119,0.4129544124341549,0.1412211949124701,5987.64967017003,20942.27357970742,-1652.6674923966061,3804.22665
原始(未校准),0.637,0.19124608641202254,0.3973884110741415,0.41451116495317925,0.13987578417108618,5978.113250787326,20981.83234484434,-1675.7290123342916,3811.07975
原始(未校准),0.638,0.18975579211020663,0.3953167179358403,0.4155887011615628,0.13853037342970229,5968.408274407731,21028.330031982114,-1701.6745623503334,3804.73365
原始(未校准),0.639,0.18826549780839072,0.39343336053738465,0.41688285771303135,0.13713802975547942,5957.190366363835,21081.78377710366,-1730.87238132105,3807.7193
原始(未校准),0.64,0.1867501565435191,0.3911105530792893,0.4177843347639485,0.13582390763598817,5945.133873807662,21131.223882086695,-1759.859129341975,3804.51725
原始(未校准),0.641,0.18512210394489667,0.38903885994098814,0.4192260857800027,0.1343064094741947,5932.782008885829,21190.58101671399,-1790.8895687651057,3813.04055
原始(未校准),0.642,0.1837319974953037,0.38696716680268695,0.42014859246131825,0.13308615322038142,5922.821428452871,21239.219765132504,-1817.0099024521924,3806.9174
原始(未校准),0.643,0.18239198497182216,0.3852093665641283,0.421312826146663,0.13185025265562178,5913.074738428746,21277.921423520806,-1840.299939851591,3802.45775
原始(未校准),0.644,0.18090169067000625,0.382761001946136,0.42208376600899966,0.13059870777991583,5901.379300642745,21332.12162137683,-1869.5285857333013,3784.7827
原始(未校准),0.645,0.17959924859110832,0.3808148659677318,0.42298305557492505,0.12945667308083417,5891.3268378930725,21371.909778234058,-1893.5784550559551,3782.9772
原始(未校准),0.646,0.1781214777708203,0.378429279929688,0.4238205723124517,0.1282051282051282,5879.980285258948,21419.39736661961,-1920.6504555832103,3771.22465
原始(未校准),0.647,0.17649342517219788,0.37598091531169564,0.42496274746327967,0.1267814959090127,5865.922745730446,21470.509542779393,-1951.4268888373322,3778.15555
原始(未校准),0.648,0.17479023168440827,0.37315587921401216,0.4258794869957727,0.12535786361289716,5851.660654700896,21526.502267660166,-1984.0668742857554,3766.0225
原始(未校准),0.649,0.17337507827175955,0.371209743235608,0.42711644033516327,0.12407503011529857,5838.767570559668,21565.65265951071,-2011.6780640400461,3767.97385
原始(未校准),0.65,0.17198497182216657,0.3688869357775127,0.4278744629724022,0.12291735110527056,5827.321743203835,21607.992482918715,-2037.5558223626062,3751.97375
原始(未校准),0.651,0.1706574827802129,0.36625023541967483,0.42812064284141776,0.12191611520470581,5817.448846234873,21651.72308214594,-2061.164468925486,3739.96485
原始(未校准),0.652,0.16935504070131496,0.3639274279615795,0.42867706869777417,0.12086794637130208,5807.409579850772,21692.6094440584,-2084.8443780032626,3722.39415
原始(未校准),0.653,0.1680651221039449,0.3616673990834327,0.42928464977645303,0.11981977753789834,5796.905630678282,21733.468316019316,-2109.45143960134,3708.87705
原始(未校准),0.654,0.16657482780212898,0.35934459162533744,0.4303435831892339,0.11853694404029974,5784.3337379188415,21783.594408338904,-2138.675525587263,3697.516
原始(未校准),0.655,0.16524733876017533,0.35714734132713916,0.43114816218264496,0.11742619796311071,5772.361605210912,21816.84854727414,-2163.01669744289,3689.0208
原始(未校准),0.656,0.1640450845335003,0.3552639839286835,0.4320177112756699,0.11639367344065331,5762.994696754659,21856.62016756252,-2185.2928320557676,3683.1622
原始(未校准),0.657,0.1626925485284909,0.3534434051101764,0.4333769532753445,0.11515777287589368,5749.694835678264,21903.470620223565,-2214.4275598539434,3680.344
原始(未校准),0.658,0.16136505948653726,0.35074392617239,0.43360496701590995,0.11417218128627525,5737.642411007857,21952.545779781132,-2242.031920029583,3651.6993
原始(未校准),0.659,0.15994990607388854,0.34854667587419175,0.43470090823676794,0.11295192503246194,5724.419586323599,21999.50688484185,-2270.8272864488126,3643.2139
原始(未校准),0.66,0.15871008140262993,0.34660053989578754,0.4356505957547542,0.11188811188811189,5713.155611828575,22034.29326903922,-2294.896105823551,3636.5654
原始(未校准),0.661,0.1573700688791484,0.34421495385774376,0.43633614515358904,0.11080865443281551,5700.50387824971,22078.7656368595,-2322.868486818001,3625.91715
原始(未校准),0.662,0.15587977457733249,0.3418293678196999,0.4374548083875633,0.10954146524616323,5684.977165684491,22124.723186428073,-2355.1344187258364,3616.3327
原始(未校准),0.663,0.15465247338760174,0.33982045326134724,0.43833508786136527,0.10850894072370583,5673.657118910736,22163.103242913025,-2380.0515538158356,3612.4889
原始(未校准),0.664,0.15297432686286788,0.33693263858371525,0.43937781416291444,0.10713224136042929,5657.779075277832,22221.649897950338,-2415.579378373082,3591.3326
原始(未校准),0.665,0.15162179085785848,0.3344842739657229,0.4400759890972165,0.1060527839051329,5644.389280713334,22269.632041501816,-2444.508841918652,3569.6563
原始(未校准),0.666,0.15056981840951786,0.3324753594073702,0.44048906262995924,0.10523927973592404,5633.082739187542,22297.60493251547,-2466.356917297154,3555.97015
原始(未校准),0.667,0.14925485284909204,0.33002699478937786,0.4410974995804665,0.10420675521346662,5620.419631430209,22341.61633152313,-2493.560892157906,3535.94175
原始(未校准),0.668,0.14798998121477772,0.3277041873312826,0.44173648134044174,0.10320551931290187,5609.844460197725,22377.93880160032,-2516.8555290052623,3524.09435
原始(未校准),0.669,0.14663744520976832,0.3255069370330843,0.4428217610385174,0.10206348461382019,5594.109726633973,22413.89848475573,-2546.2185747272865,3520.2335
原始(未校准),0.67,0.14552285535378837,0.3237491367945257,0.4438037865748709,0.10110918164609439,5582.463358382949,22459.406188519362,-2571.6675803460976,3518.091
原始(未校准),0.671,0.14425798371947401,0.32130077217653336,0.44430940185780016,0.10013923436742228,5568.221310753932,22492.624178625865,-2598.4352629583136,3492.71435
原始(未校准),0.672,0.14303068252974327,0.3197313076778203,0.4459329305665003,0.09899719966834061,5554.426416860198,22530.66982787307,-2625.628041003822,3492.09445
原始(未校准),0.673,0.14189104571070757,0.3175968359595706,0.44651368049426304,0.09810547394440011,5541.293198236131,22574.27320870097,-2652.4460386874957,3463.89705
原始(未校准),0.674,0.14066374452097682,0.31546236424132085,0.44738247863247865,0.09710423804383536,5528.720525665698,22611.24337607101,-2677.8494234656055,3450.85555
原始(未校准),0.675,0.13941139636819036,0.31339067110301966,0.44843693855551564,0.09605606921043162,5514.368357029048,22649.688000956186,-2705.710288421029,3443.05125
原始(未校准),0.676,0.1381214777708203,0.3113189779647184,0.4496327862906882,0.09496096744418892,5499.395102926334,22695.973290881728,-2735.776271571271,3428.59015
原始(未校准),0.677,0.1369818409517846,0.30931006340636574,0.4504479795209362,0.09403795309835579,5486.083856369168,22730.477065239746,-2761.5951016324975,3413.55715
原始(未校准),0.678,0.13575453976205384,0.3073639274279616,0.45166051660516604,0.09298978426495205,5471.95069487441,22768.400713909134,-2789.093699788113,3402.82295
原始(未校准),0.679,0.13460237946149028,0.3054177914495574,0.4526423520655006,0.09203548129722626,5457.469759749198,22803.96319453035,-2816.3770313057453,3390.93175
原始(未校准),0.68,0.13323731997495303,0.3034088768912047,0.4542720180468089,0.09083086935435929,5440.663539502126,22849.623163224,-2849.489533883804,3389.48955
原始(未校准),0.681,0.13201001878522228,0.30114884801305797,0.45508016317237454,0.08986092207568717,5425.176861111402,22885.89940542964,-2878.3127695898384,3374.6428
原始(未校准),0.682,0.1308703819661866,0.2989515977148597,0.4556937799043062,0.08898484066269301,5411.359233932983,22922.279586081433,-2904.9943978293786,3354.109
原始(未校准),0.683,0.12953036944270507,0.29618934019712473,0.4561539205259596,0.08799924907307458,5395.630591899054,22966.065072655023,-2935.637171181917,3328.2974
原始(未校准),0.684,0.1283155917345022,0.29380375415908094,0.45676361506929536,0.08707623472724144,5380.468505834877,23005.92731371402,-2964.6321263357668,3309.03455
原始(未校准),0.685,0.1270006261740764,0.29192039676062526,0.4585346612760083,0.08590291140626712,5362.511282439222,23050.912395932053,-2997.2779224531273,3306.7772
原始(未校准),0.686,0.12583594239198498,0.2899742607822211,0.4596934713375796,0.084932964127595,5348.116437590817,23088.03875846497,-3024.146487177756,3290.28105
原始(未校准),0.687,0.12460864120225423,0.2877142319040743,0.4606030150753769,0.08396301684892289,5333.5953628531415,23121.73824134188,-3051.310296997066,3276.53935
原始(未校准),0.6880000000000001,0.12364433312460864,0.28539142444597904,0.4604476856072116,0.08333724441106992,5320.826573361517,23152.22207246058,-3075.0947778674067,3246.5658
原始(未校准),0.6890000000000001,0.12242955541640577,0.28319417414778075,0.46143617021276595,0.08236729713239781,5304.611703279513,23195.108067518468,-3105.570909045613,3233.6692
原始(未校准),0.6900000000000001,0.12105197244834064,0.28074580952978845,0.462652596730809,0.08125655105520878,5285.897222655371,23235.133071766515,-3138.9844060426553,3218.39105
原始(未校准),0.6910000000000001,0.1197871008140263,0.2787368949714357,0.46419236800836383,0.08017709359991239,5269.262428605651,23275.555697058826,-3170.3986626746023,3208.5711
原始(未校准),0.6920000000000001,0.11853475266123982,0.27641408751334046,0.4651875330163761,0.07919150201029396,5250.750635375692,23321.10530973478,-3203.4531796052775,3191.80085
原始(未校准),0.6930000000000001,0.11755792110206638,0.2744679515349363,0.4657505060189624,0.0784562193958167,5236.625739524484,23349.55726039021,-3228.460306497349,3173.4877
原始(未校准),0.6940000000000001,0.11649342517219786,0.272270701236738,0.46624381853364866,0.0776740038485005,5221.078426722297,23383.488903842957,-3256.8485788995763,3154.95265
原始(未校准),0.6950000000000001,0.11536631183469004,0.27019900809843683,0.467216673903604,0.07678227812456001,5204.189632421213,23422.169000057107,-3287.3989198643812,3132.364
原始(未校准),0.6960000000000001,0.1142767689417658,0.26850398643982676,0.46871232876712327,0.07584361946778054,5188.934734349782,23456.700935801953,-3314.7907267751716,3121.3626
原始(未校准),0.6970000000000001,0.11331246086412022,0.2669973005210622,0.47004862953138815,0.07501447098762536,5172.885411942151,23484.728603942476,-3341.7894935377303,3110.79315
原始(未校准),0.6980000000000001,0.11229805886036318,0.2651767217025551,0.4710605553696889,0.07420096681841648,5158.485537444499,23524.501839761,-3368.2232350443437,3095.72365
原始(未校准),0.6990000000000001,0.11132122730118973,0.263481700043945,0.47215659804252447,0.07340310696015394,5144.716943587456,23553.187572556104,-3392.3290758984735,3083.8438
原始(未校准),0.7000000000000001,0.11019411396368191,0.2616611212254379,0.47369019206728036,0.07244880399242816,5129.508220796226,23584.71065850085,-3419.3004653656744,3080.2964
原始(未校准),0.7010000000000001,0.10897933625547902,0.2595266495071881,0.47506320386118134,0.07146321240280971,5111.637543220405,23625.631025679468,-3450.9287800352627,3065.25285
原始(未校准),0.7020000000000001,0.10792736380713838,0.2573921777889384,0.4757484335112555,0.0706809968554935,5095.168476712442,23662.036745106234,-3479.7092030680524,3040.56725
原始(未校准),0.7030000000000001,0.10672510958046337,0.25456714169125494,0.47582727059375735,0.06988313699723096,5077.993459187819,23701.1085233883,-3509.8928748086296,3013.00025
原始(未校准),0.704,0.10558547276142767,0.2526210057128508,0.4772862056695528,0.06894447834045149,5061.698577703939,23736.858523659223,-3538.1590400230943,3007.11915
原始(未校准),0.705,0.10450845335003131,0.2504237554146525,0.4780107849011384,0.06814661848218895,5045.395295313849,23771.489508436374,-3567.290589523399,2988.0391
原始(未校准),0.706,0.10354414527238573,0.24847761943624835,0.4787131107885825,0.06742698017865803,5029.794360330987,23801.985718262942,-3593.7331494608143,2968.31855
原始(未校准),0.707,0.10259236067626801,0.24678259777763828,0.4798583984375,0.06666040894228814,5014.421340377219,23831.563618451877,-3619.970184067945,2958.6323
原始(未校准),0.708,0.10157795867251096,0.24496201895913114,0.4810750832203181,0.06584690477307927,4996.618122464927,23868.242945883976,-3650.470893770126,2948.3049
原始(未校准),0.709,0.1006011271133375,0.24238809718124177,0.4806423503049919,0.06526806526806526,4981.475632257055,23898.143789490478,-3675.6076909764656,2919.29935
原始(未校准),0.71,0.09952410770194114,0.23981417540335237,0.48068453504467096,0.06456407127548067,4964.321955463398,23934.826581219877,-3705.182348082679,2887.6268
原始(未校准),0.711,0.0984721352536005,0.23830748948458785,0.48276739158082155,0.06362541261870121,4947.801034815789,23965.369309798443,-3732.7583836755216,2879.89355
原始(未校准),0.712,0.09754539762053852,0.23642413208613222,0.48350237514443445,0.06293706293706294,4934.591893093322,23991.00137214581,-3754.9305850890673,2866.25635
原始(未校准),0.713,0.09624295554164057,0.23391298888819134,0.4848405985686402,0.06193582703649818,4913.741640150717,24028.5291908818,-3790.4996528599777,2845.028
原始(未校准),0.714,0.09515341264871634,0.23240630296942683,0.4872334824953935,0.06095023544687974,4895.057578480306,24065.20360438799,-3822.91826620982,2846.99585
原始(未校准),0.715,0.09410144020037571,0.2302718312511771,0.48815544317274423,0.060168019899563524,4876.866302223866,24101.830627965774,-3854.1366186533555,2825.3596
原始(未校准),0.716,0.09309956167814652,0.22832569527277294,0.4892386333064299,0.05940144866319363,4859.230405855626,24132.7830110206,-3883.6322732017084,2817.7566
原始(未校准),0.717,0.09224796493425172,0.22656789503421432,0.4899538419766495,0.058775676225340655,4842.696219580168,24159.65687526965,-3910.336109240392,2800.2932
原始(未校准),0.718,0.09127113337507828,0.22468453763575869,0.49108122941822174,0.058024749299917085,4823.456403250499,24202.256998180575,-3943.4267939854903,2781.85625
原始(未校准),0.719,0.09029430181590482,0.22280118023730303,0.49223300970873785,0.057273822374493515,4804.493767031116,24240.577039334512,-3975.1570777151555,2767.21785
原始(未校准),0.72,0.08936756418284283,0.22110615857869295,0.4935538116591928,0.05653853976001627,4788.555280921222,24269.048492308466,-4001.0179668271257,2751.30745
原始(未校准),0.721,0.08832811521603005,0.2192855797601858,0.4952502481213668,0.055693746968914756,4771.474001303122,24295.369228516025,-4028.7323868270514,2743.98165
原始(未校准),0.722,0.087313713212273,0.21708832946198758,0.4959839357429719,0.05497410866538383,4753.947991419959,24322.595765079303,-4057.1303384541216,2725.05575
原始(未校准),0.723,0.08631183469004383,0.21539330780337748,0.4978235635519443,0.054144960185228644,4732.931283047367,24352.804595764082,-4090.449590831148,2711.1328
原始(未校准),0.724,0.0853976205385097,0.21357272898487037,0.4989001319841619,0.05345661050359037,4717.072925078862,24379.990932504843,-4116.440499699909,2698.4326
原始(未校准),0.725,0.08439574201628053,0.21124992152677508,0.4993322451402285,0.05278390513289842,4697.924661788432,24413.161878091105,-4147.247421567326,2673.9665
原始(未校准),0.726,0.08334376956793989,0.20905267122857682,0.5003756574004508,0.052017333896528524,4674.405793586814,24449.206937918418,-4183.7359063442145,2650.3803
原始(未校准),0.727,0.08229179711959925,0.20660430661058446,0.5008370111094201,0.05131333990394393,4655.7693958945465,24482.445452804073,-4214.713012840207,2623.05125
原始(未校准),0.728,0.0814527238572323,0.20490928495197439,0.5018450184501845,0.05068756746609095,4639.056186673638,24511.82233913967,-4241.969768738767,2605.7803
原始(未校准),0.729,0.0805009392611146,0.2031514847134158,0.5034225264467953,0.04993664054066738,4621.492550071434,24537.059548198562,-4269.707572847745,2592.6109
原始(未校准),0.73,0.07941139636819036,0.2006403415154749,0.5040214477211796,0.04920135792619014,4599.107734928904,24571.16220616442,-4304.26961000589,2563.7797
原始(未校准),0.731,0.07862241703193487,0.1985686483771737,0.5038228735266008,0.04873202859780041,4584.130205670337,24591.235634861874,-4327.084303304849,2542.03765
原始(未校准),0.732,0.07760801502817784,0.19655973381882103,0.5052444731321607,0.047965457361430514,4565.367262345447,24622.124966400614,-4357.332720969307,2531.09025
原始(未校准),0.733,0.07659361302442079,0.19436248352062277,0.5062132112491825,0.047245819057899596,4542.957047135959,24651.918593619524,-4391.325727707631,2502.0632
原始(未校准),0.734,0.0756668753913588,0.192102454642476,0.506454816285998,0.04665133524193927,4523.2838760142895,24678.79269517042,-4421.495727591882,2475.47125
原始(未校准),0.735,0.0747777082028804,0.19047021156381444,0.5081225925305644,0.04594734124935467,4505.896210806802,24707.974452442533,-4448.737715157707,2456.28865
原始(未校准),0.736,0.07390106449592987,0.1886496327453073,0.5092357227588544,0.04530592450055537,4487.813053094251,24737.81436587459,-4476.9249930333535,2442.30525
原始(未校准),0.737,0.07296180338134,0.1866407181869546,0.5102986611740473,0.04463321912986343,4468.56147357905,24769.568947755175,-4506.913731235205,2421.57515
原始(未校准),0.738,0.07201001878522229,0.18494569652834453,0.5123478260869565,0.04386664789349353,4448.073851018858,24799.47116982193,-4538.023437537085,2409.98355
原始(未校准),0.739,0.07102066374452097,0.18256011049030071,0.5127843413859989,0.04322523114469423,4426.685606110397,24826.653222936835,-4570.716678741972,2375.63525
原始(未校准),0.74,0.06995616781465247,0.18036286019210246,0.5143215180809165,0.042443015597378016,4403.753958757948,24864.450074073513,-4606.798042676801,2357.2383
原始(未校准),0.741,0.06915466499686913,0.17866783853349238,0.5153929735603042,0.041864176092364015,4386.121757606712,24891.503962907158,-4633.843566338422,2341.04675
原始(未校准),0.742,0.06829054477144646,0.17647058823529413,0.5154960572162113,0.04133226952018898,4367.823090143722,24913.813436346576,-4661.149470603392,2312.7707
原始(未校准),0.743,0.0673888541014402,0.17446167367694143,0.5164467571083442,0.04070649708233601,4346.153668020598,24941.175641608024,-4692.961359292276,2289.52605
原始(未校准),0.744,0.06642454602379462,0.17245275911858873,0.5179110105580694,0.04000250308975141,4323.895544804077,24970.03029663658,-4726.459757664889,2268.57675
原始(未校准),0.745,0.06548528490920476,0.1700043945005964,0.5178810480015299,0.039439307895683735,4301.765101336122,25002.750158388513,-4760.3248478692085,2242.32815
原始(未校准),0.746,0.06460864120225422,0.16805825852219222,0.5188990114363249,0.03882917976877708,4282.764241455153,25033.652804321002,-4789.305831596334,2228.73265
原始(未校准),0.747,0.06396994364433313,0.16667712976332474,0.5197729052466719,0.03837549475133368,4268.018912115283,25052.453265000546,-4810.995797928423,2215.4038
原始(未校准),0.748,0.06301815904821541,0.1644798794651265,0.5206677265500795,0.03773407800253438,4245.048591996193,25083.439533731726,-4845.447459363897,2186.1079
原始(未校准),0.749,0.0621665623043206,0.16265930064661938,0.5219580983078163,0.037123949875627726,4226.52256930131,25111.76496476681,-4873.537683584835,2170.1703
原始(未校准),0.75,0.06142767689417658,0.16121539330780338,0.5235474006116208,0.03656075468156005,4207.681218587792,25132.85934689136,-4901.2964052509915,2159.5549
原始(未校准),0.751,0.06060112711333751,0.15914370016950216,0.5238685678859268,0.036044492420331344,4186.303797657104,25158.133173694285,-4932.3542970547815,2136.6085
原始(未校准),0.752,0.05988728866624922,0.15769979283068616,0.5253032204098703,0.035512585848156315,4170.419944154863,25175.039732295583,-4955.418621554731,2128.43625
原始(未校准),0.753,0.058960551033187224,0.155753656852282,0.5269753610875106,0.03483988047746437,4147.749070739369,25202.122343827283,-4988.675715822438,2107.75965
原始(未校准),0.754,0.05819661865998748,0.15393307803377487,0.5276522487626426,0.03433926252718199,4129.806962538837,25224.44710568389,-5015.1326361586125,2086.33215
原始(未校准),0.755,0.05728240450845335,0.15161027057567958,0.5279842588543944,0.033776067333114314,4108.653725253936,25251.605080651487,-5046.285072790106,2054.85155
原始(未校准),0.756,0.05655604257983719,0.15035469897670914,0.5303365810451727,0.03318158351715399,4092.0683662840465,25268.6314409634,-5070.578526709016,2051.92525
原始(未校准),0.757,0.05571696931747026,0.14815744867851088,0.5304562823106316,0.032680965566871605,4072.2359320785104,25287.866436384855,-5099.212917821388,2029.3353
原始(未校准),0.758,0.054902943018159046,0.1467135413396949,0.5330748175182481,0.032023904507125986,4051.20107005272,25309.411640028615,-5129.231645800991,2021.6423
原始(未校准),0.759,0.054139010644959296,0.14564630548057003,0.5366643534582466,0.031335554825487714,4032.2466798908413,25332.768128421256,-5157.14762340891,2016.7439
原始(未校准),0.76,0.05318722604884158,0.14332349802247474,0.5375559218271722,0.03072542669858106,4009.685919501595,25356.251296768107,-5189.536723558338,1991.8122
原始(未校准),0.761,0.052498434564809016,0.1420679264235043,0.5398377862595419,0.030177875815459707,3992.7391312936784,25375.265521207075,-5213.511057181352,1981.08505
原始(未校准),0.762,0.05170945522855354,0.14037290476489422,0.5415354807459434,0.029614680621392032,3973.0495512773996,25399.05977418225,-5242.070996542704,1965.94295
原始(未校准),0.763,0.05089542892924233,0.13855232594638708,0.5430610236220472,0.029051485427324355,3953.116954977055,25421.144370056478,-5270.854293360889,1946.05425
原始(未校准),0.764,0.05010644959298685,0.13666896854793145,0.5441139715071233,0.02853522316609565,3930.5590841593803,25447.891730512125,-5303.050245870913,1922.5803
原始(未校准),0.765,0.04924232936756418,0.13509950404921842,0.5473041709053916,0.027846873484457378,3906.408823500818,25475.986605531798,-5338.139499176917,1910.0933
原始(未校准),0.766,0.04841577958672511,0.13340448239060831,0.549663735126746,0.02723674535755073,3884.4773103433995,25496.635631473917,-5369.411826882793,1893.2027
原始(未校准),0.767,0.04751408891671885,0.13120723209241006,0.5508697944122298,0.026657905852536724,3861.4407439404754,25521.0396819635,-5401.806006000849,1868.0688
原始(未校准),0.768,0.046862867877269884,0.12938665327390295,0.5507749866381614,0.026298086700771266,3845.3500964767823,25539.553172958804,-5424.494194756954,1845.19545
原始(未校准),0.769,0.04621164683782091,0.12762885303534435,0.5509485094850949,0.02592262323805948,3827.6354979668395,25554.729529141307,-5449.234675490623,1822.9416
原始(未校准),0.77,0.04544771446462117,0.1260593885366313,0.5533204739597686,0.025359428043991803,3806.379604804899,25574.792459943128,-5479.289437994832,1811.5468
原始(未校准),0.771,0.04477144646211647,0.12436436687802122,0.5541258741258741,0.024937031648441046,3785.505766597125,25589.99094288174,-5508.28450311341,1783.04495
原始(未校准),0.772,0.04399499060738885,0.12229267373972001,0.5545118132650156,0.02448334663099764,3762.660547810146,25607.251482264553,-5539.346805785867,1759.48485
原始(未校准),0.773,0.04333124608641202,0.12066043066105844,0.5554913294797688,0.02406095023544688,3743.7009659904256,25622.790848896566,-5565.514983771716,1743.3436
原始(未校准),0.774,0.04274264245460238,0.1187770732626028,0.5543510108409024,0.023794996949359364,3728.123492105625,25635.728673796122,-5587.069501329234,1716.1942
原始(未校准),0.775,0.042141515341264875,0.11727038734383828,0.5551263001485884,0.02341953348664758,3711.210131586373,25649.027489453292,-5610.321981873919,1696.96495
原始(未校准),0.776,0.04150281778334377,0.11576370142507376,0.5564272782136391,0.022997137091096822,3692.0305119475765,25667.875890981704,-5637.057800813386,1683.3182
原始(未校准),0.777,0.04087664370695053,0.11419423692636073,0.5572916666666666,0.022606029317438714,3673.353821853039,25684.67357668109,-5662.919689230318,1664.76525
原始(未校准),0.778,0.04016280525986224,0.11275032958754473,0.5600249454318678,0.022074122745263686,3653.321630033587,25701.833268218226,-5690.187760597554,1652.507
原始(未校准),0.779,0.039636819035691925,0.11130642224872873,0.5601895734597157,0.021776880837283522,3637.442034529659,25713.505867702406,-5711.823190420498,1630.8822
原始(未校准),0.78,0.03907326236693801,0.1097369577500157,0.5602564102564103,0.021463994618357036,3620.5031357857233,25726.667977928995,-5734.958530769623,1609.30555
原始(未校准),0.781,0.03832185347526612,0.10804193609140561,0.5624183006535948,0.02094773235712833,3598.6676404542236,25743.93915157609,-5765.077204326838,1595.4966
原始(未校准),0.782,0.03769567939887289,0.1071002573921778,0.5667774086378737,0.020400181474006976,3580.4035373398774,25759.234324732588,-5790.106054509626,1594.9129
原始(未校准),0.783,0.036944270507201005,0.10496578567392806,0.5667796610169491,0.019993429389402545,3557.237834748996,25775.83842334604,-5821.2041895966095,1557.0373
原始(未校准),0.784,0.03616781465247339,0.10352187833511206,0.570983379501385,0.01938330126249589,3533.816780517117,25795.03477503408,-5852.838694883032,1546.87645
原始(未校准),0.785,0.035453976205385096,0.10163852093665642,0.5718827269516072,0.018960904866945134,3512.0855528655575,25814.876848424847,-5882.458663731816,1519.7598
原始(未校准),0.786,0.03482780212899186,0.10006905643794338,0.5731751168644372,0.018569797093287026,3492.37569825657,25831.93896010329,-5909.2353091127,1495.75475
原始(未校准),0.787,0.034151534126487165,0.09837403477933329,0.5746241290795746,0.01814740069773627,3470.1834734643767,25847.165411385602,-5938.778412470137,1470.5305
原始(未校准),0.788,0.03353788353162179,0.09649067738087765,0.5739357729648992,0.017850158789756106,3450.4141420904843,25861.718236684064,-5965.403773542213,1441.0742
原始(未校准),0.789,0.03277395115842204,0.09448176282252495,0.5750859763087505,0.0173964737723127,3425.797973488593,25877.955262486405,-5998.283077933233,1415.656
原始(未校准),0.79,0.03206011271133375,0.09284951974386339,0.577734375,0.016911500132976643,3401.7084435286015,25896.61897564087,-6030.385330856499,1399.0946
原始(未校准),0.791,0.0315466499686913,0.09134283382509888,0.5776101627630011,0.01664554684688913,3385.8474146763892,25906.814842993717,-6051.691915004952,1379.02985
原始(未校准),0.792,0.030920475892298058,0.08958503358654027,0.5779667881733496,0.016301372006069993,3366.4084869474323,25922.898595122126,-6077.752849053481,1352.45735
原始(未校准),0.793,0.030381966186599874,0.0882039048276728,0.5791426215993405,0.01597284147619718,3349.0137925145723,25934.110425190276,-6100.940181037895,1333.59075
原始(未校准),0.794,0.02968065122103945,0.08613221168937159,0.5789029535864979,0.01561302232443172,3324.0160984563304,25951.287166076174,-6134.256554660478,1298.4165
原始(未校准),0.795,0.029041953663118347,0.08456274719065855,0.5808538163001293,0.015206270239827287,3302.6030643312565,25962.616015161748,-6162.248663041107,1280.5049
原始(未校准),0.796,0.028503443957420164,0.0829932826919455,0.5808435852372583,0.014924672642793449,3284.4609083331356,25974.507217394945,-6185.98203289708,1256.62015
原始(未校准),0.797,0.02793988728866625,0.08148659677318099,0.5818018825638727,0.014596142112920636,3264.9593278728994,25987.641168036003,-6211.733929643856,1237.69325
原始(未校准),0.798,0.02736380713838447,0.08016824659426204,0.5844393592677346,0.014205034339262528,3243.699952686251,26001.352582283373,-6239.776550693937,1221.68895
原始(未校准),0.799,0.026712586098935506,0.07847322493565195,0.5860290670417253,0.013813926565604418,3221.6599718331663,26015.078826561195,-6268.7477056067755,1201.17175
原始(未校准),0.8,0.02614902943018159,0.0768409818569904,0.5862068965517241,0.013516684657624255,3204.509107215374,26023.869161792903,-6291.29722155634,1179.98125
原始(未校准),0.801,0.025560425798371946,0.07476928871868918,0.5835374816266536,0.013297664304375715,3183.5830736579815,26038.13727326372,-6318.772008537374,1139.65025
原始(未校准),0.802,0.0250093926111459,0.0736392742796158,0.5873810716074112,0.01289091221977128,3165.161228857568,26047.4850430204,-6342.698845422693,1134.57815
原始(未校准),0.803,0.024546023794614902,0.07232092410069685,0.5877551020408164,0.01264060324463009,3149.2463687601826,26056.876281901557,-6363.301769782737,1116.2999
原始(未校准),0.804,0.02407013149655604,0.07081423818193232,0.586888657648283,0.012421582891381549,3134.7255937900377,26066.04837832616,-6382.091394401636,1094.88655
原始(未校准),0.805,0.023569192235441454,0.06980978090275598,0.5908607863974495,0.012046119428669764,3116.200715898468,26076.107328452224,-6406.113396910187,1087.56985
原始(未校准),0.806,0.023018159048215404,0.06855420930378554,0.5941240478781284,0.011670655965957979,3098.135215282404,26086.763352799033,-6429.440765081961,1074.2575
原始(未校准),0.807,0.02240450845335003,0.06692196622512399,0.5958636109558413,0.011310836814192518,3076.697676238957,26098.274914862595,-6457.171958340219,1049.4697
原始(未校准),0.808,0.021778334376956796,0.06485027308682277,0.59401955146636,0.011044883528105004,3051.296239047771,26109.876413274866,-6489.442824354118,1008.46705
原始(未校准),0.809,0.021277395115842205,0.06334358716805825,0.5938787522071807,0.010794574552963815,3032.8892845882083,26117.55186466941,-6512.985156439508,984.52455
原始(未校准),0.81,0.020826549780839074,0.06196245840919078,0.5935057125676488,0.010575554199715273,3017.0315159393913,26125.55493155947,-6533.449227028263,962.54155
原始(未校准),0.811,0.020325610519724483,0.060518551070374786,0.5939617991373999,0.010309600913627759,2999.678586267971,26134.44058799587,-6555.623142233613,941.90855
原始(未校准),0.812,0.019849718221665622,0.05901186515161027,0.5930599369085173,0.010090580560379219,2983.331721546051,26141.035157520713,-6576.46625855314,917.92375
原始(未校准),0.8130000000000001,0.019436443331246087,0.05800740787243393,0.595360824742268,0.009824627274291705,2969.005237229695,26147.6267313539,-6594.60402086345,906.24605
原始(未校准),0.8140000000000001,0.018935504070131497,0.05687739343336054,0.5992063492063492,0.009480452433472567,2948.772513430044,26154.07035885792,-6620.108011277373,895.1293
原始(未校准),0.8150000000000001,0.018371947401377584,0.05524515035469898,0.59986366734833,0.009183210525492405,2927.1768241540776,26162.356777219684,-6647.292679502707,868.5038
原始(未校准),0.8160000000000001,0.0178334376956794,0.05373846443593446,0.601123595505618,0.008885968617512242,2905.999295711648,26169.607595910933,-6673.563483605901,848.212
原始(未校准),0.8170000000000001,0.01728240450845335,0.05216899993722142,0.6021739130434782,0.008588726709532079,2882.888229729024,26177.432042768192,-6702.807208326379,824.7608
原始(未校准),0.8180000000000001,0.016944270507201,0.051227321237993596,0.6031042128603105,0.008400994978176186,2871.3252408195817,26182.291205437996,-6717.333654049483,814.34405
原始(未校准),0.8190000000000001,0.016455854727614277,0.049971749639023164,0.6057838660578386,0.008103753070196023,2852.811503597358,26191.231790207272,-6740.555429641692,798.65265
原始(未校准),0.8200000000000001,0.016055103318722605,0.04909284951974386,0.609984399375975,0.007822155473162184,2836.731022683859,26198.052606741032,-6760.690833042419,788.7182
原始(未校准),0.8210000000000001,0.015641828428303067,0.04764894218092787,0.6076861489191353,0.007665712363698941,2820.3458344652254,26205.150639733867,-6781.291783900344,763.8237
原始(未校准),0.8220000000000001,0.015228553537883532,0.04670726348170005,0.6118421052631579,0.007384114766665102,2805.140439289191,26208.454584385872,-6800.055727056468,755.26155
原始(未校准),0.8230000000000001,0.01475266123982467,0.045451691882729614,0.6146010186757216,0.007102517169631264,2787.306921184657,26214.02027766376,-6822.129441184855,736.19255
原始(未校准),0.8240000000000001,0.014376956793988729,0.04413334170381066,0.6123693379790941,0.0069617183711143445,2771.41670228225,26219.611653642143,-6841.717482784525,712.5213
原始(未校准),0.8250000000000001,0.013863494051346275,0.042689434364994665,0.6142728093947606,0.006680120774080506,2750.0385908128073,26227.948321963635,-6868.295346724692,687.46985
原始(未校准),0.8260000000000001,0.013500313087038196,0.04181053424571536,0.6178107606679035,0.00644545610988564,2735.0152797224227,26233.120183667415,-6887.00057830922,674.7761
原始(未校准),0.8270000000000001,0.013049467752035067,0.04042940548684789,0.6180422264875239,0.006226435756637099,2717.0760455813297,26236.87273916913,-6909.14699911899,651.75335
原始(未校准),0.8280000000000001,0.012686286787726988,0.039613283947517106,0.6229022704837117,0.005976126781495909,2702.045718709245,26242.696561591314,-6927.751148472823,642.98385
原始(未校准),0.8290000000000001,0.01229805886036318,0.03848326950844372,0.6242362525458248,0.0057727507391936925,2687.3509975206266,26247.229859471056,-6945.91412889193,629.3696
原始(未校准),0.8300000000000001,0.011959924859110833,0.03741603364931885,0.6240837696335079,0.005616307629730448,2673.832873606021,26251.23812995082,-6962.580751343012,613.59985
原始(未校准),0.8310000000000001,0.011621790857858484,0.03659991210998807,0.6282327586206896,0.005397287276481907,2659.0538416181316,26256.543299215136,-6980.720460071655,604.14835
原始(未校准),0.8320000000000001,0.011233562930494677,0.03565823341076025,0.633221850613155,0.005146978301340717,2640.7652264733033,26261.115992220613,-7002.92330401234,589.0023
原始(未校准),0.833,0.010907952410770194,0.03471655471153243,0.634902411021814,0.004974890880931149,2625.731137962424,26266.245801255267,-7021.281984811388,570.9405
原始(未校准),0.834,0.010619912335629304,0.033774876012304604,0.6344339622641509,0.0048497363933605545,2612.4860404932483,26270.72886102587,-7037.365941195762,555.7956
原始(未校准),0.835,0.010244207889793362,0.0328959758930253,0.6405867970660146,0.004599427418219364,2596.331693183534,26271.141595421137,-7056.963445516074,546.61535
原始(未校准),0.836,0.009931120851596744,0.03220541151359156,0.6469104665825978,0.004380407064970823,2584.823864838338,26272.498610796974,-7070.935974185267,541.1477
原始(未校准),0.837,0.009492798998121478,0.03101261849456965,0.6517150395778364,0.004130098089829634,2565.2281344647035,26274.707989972605,-7094.747198773542,524.07545
原始(未校准),0.838,0.0089167188478397,0.029568711155753657,0.6615168539325843,0.003770278938064173,2539.9961733293867,26279.940601879596,-7125.3457236904915,505.8757
原始(未校准),0.839,0.00857858484658735,0.028375918136731747,0.6598540145985401,0.0036451244504935782,2524.459768617949,26281.5710589856,-7143.891421264163,485.7842
原始(未校准),0.84,0.00834063869755792,0.027559796597400966,0.6591591591591591,0.003551258584815632,2514.539662784627,26283.507387656122,-7155.842611363664,472.75245
原始(未校准),0.841,0.007952410770194113,0.025927553518739405,0.6503937007874016,0.00347303703008401,2496.71684764608,26286.391101009456,-7177.32994763785,438.80745
原始(未校准),0.842,0.00765184721352536,0.025174210559357146,0.6563011456628478,0.0032853052987281174,2483.93792906564,26288.269767415477,-7192.745353431224,429.84945
原始(未校准),0.843,0.007426424546023795,0.024420867599974888,0.6559865092748736,0.003191439433050171,2473.964151251826,26289.401900550558,-7204.734589480242,419.69495
原始(未校准),0.844,0.007201001878522229,0.023918638960386717,0.662608695652174,0.0030349963235869275,2463.721409392867,26292.384204943286,-7217.044782560358,413.8867
原始(未校准),0.845,0.00693800876643707,0.023228074580952978,0.6678700361010831,0.002878553214123684,2451.5495222158797,26292.358782472213,-7231.490697274893,407.0843
原始(未校准),0.846,0.006725109580463369,0.022537510201519242,0.6685288640595903,0.0027846873484457376,2442.216518104025,26293.199340445735,-7242.583537469798,396.2568
原始(未校准),0.847,0.006424546023794615,0.021784167242136984,0.6764132553606238,0.002596955617089845,2427.1411792679996,26295.137199859513,-7260.464671162081,387.07095
原始(未校准),0.848,0.006161552911709455,0.02077970996296064,0.6727642276422764,0.0025187340623582235,2414.679069647239,26294.57869194842,-7275.278016145318,368.4677
原始(未校准),0.849,0.005860989355040701,0.019838031263732816,0.6752136752136753,0.002377935263841304,2399.5492200216095,26295.67187618269,-7293.292838327103,352.1297
原始(未校准),0.85,0.005572949279899812,0.018770795404607948,0.6719101123595506,0.002284069398163358,2385.241403250833,26296.189640039174,-7310.274157399927,330.66145
原始(未校准),0.851,0.005447714464621165,0.01839412392491682,0.6735632183908046,0.0022214921543780605,2378.2467354560868,26295.585398616586,-7318.491169675774,324.0387
原始(未校准),0.852,0.005209768315591734,0.017515223805637515,0.6706730769230769,0.0021432705996464385,2366.181192097664,26296.24706769687,-7332.669185163393,307.6507
原始(未校准),0.853,0.00495929868503444,0.016636323686358215,0.6691919191919192,0.002049404733968492,2354.6532712980256,26296.115098379807,-7346.301730343087,291.72445
原始(未校准),0.854,0.0047088290544771445,0.01607131646682152,0.6808510638297872,0.0018773173135589244,2344.102616646464,26296.07561767216,-7358.754211796914,287.26495
原始(未校准),0.855,0.004445835942391985,0.015317973507439261,0.6873239436619718,0.001736518515042005,2331.0217105503352,26296.289839234763,-7374.164069478625,274.7327
原始(未校准),0.856,0.004333124608641202,0.014878523447799611,0.684971098265896,0.0017052298931493563,2325.2856466442513,26295.98424246672,-7380.911611298795,265.07345
原始(未校准),0.857,0.004157795867251096,0.014313516228262917,0.6867469879518072,0.0016270083384177345,2315.743609819679,26297.458678720697,-7392.070671068957,253.3732
原始(未校准),0.858,0.003994990607388854,0.013748509008726222,0.6865203761755486,0.001564431094632437,2308.117252629647,26296.644646035784,-7400.985682985997,241.4222
原始(未校准),0.859,0.0038196618659987478,0.013183501789189528,0.6885245901639344,0.001486209539900815,2299.3543372262247,26295.493762526447,-7411.127951139203,231.85385
原始(未校准),0.86,0.0036819035691922353,0.012681273149601355,0.6870748299319728,0.001439276607061842,2292.5343624149623,26294.87667249359,-7419.055811657083,225.10585
原始(未校准),0.861,0.0035316217908578583,0.012241823089961705,0.6914893617021277,0.0013610550523302201,2284.91629298298,26293.968144377275,-7427.940395674269,219.14185
原始(未校准),0.862,0.003356293049467752,0.011739594450373533,0.6977611940298507,0.0012671891866522739,2276.5118719812185,26293.153308273435,-7437.724641025767,214.0586
原始(未校准),0.863,0.0031934877896055104,0.01123736581078536,0.7019607843137254,0.001188967631920652,2268.130599035697,26293.184510153686,-7447.46716052946,207.25735
原始(未校准),0.864,0.0030807764558547276,0.01079791575114571,0.6991869918699187,0.0011576790100280034,2262.010700023635,26292.96922442649,-7454.520269508922,199.54135
原始(未校准),0.865,0.0028929242329367565,0.010232908531609014,0.7056277056277056,0.0010638131443500571,2252.9664051317845,26293.37053057121,-7464.985610732993,190.4115
原始(未校准),0.866,0.002767689417658109,0.009730679892020842,0.7013574660633484,0.0010325245224574084,2246.2554124317476,26292.87281122897,-7472.746642028026,178.84025
原始(未校准),0.867,0.002579837194740138,0.009291229832381192,0.7184466019417476,0.0009073700348868134,2235.8962008957487,26291.156954355596,-7484.709584333626,174.587
原始(未校准),0.868,0.002467125860989355,0.008977336932638583,0.7258883248730964,0.0008447927911015159,2229.0550049596054,26290.376009392734,-7492.530762761834,166.917
原始(未校准),0.869,0.0023418910457107074,0.008600665452947454,0.732620320855615,0.0007822155473162184,2221.720477891267,26289.716860723012,-7500.973523269921,158.31925
原始(未校准),0.87,0.00221665623043206,0.008161215393307804,0.7344632768361582,0.0007352826144772453,2215.2328349080026,26289.681086031378,-7508.429732305696,150.5695
原始(未校准),0.871,0.0020914214151534125,0.007784543913616674,0.7425149700598802,0.0006727053706919478,2208.283604075218,26288.749811744296,-7516.406653513563,144.704
原始(未校准),0.872,0.00197871008140263,0.007470651013874066,0.7531645569620253,0.0006101281269066504,2202.3949994540576,26288.506709979654,-7523.1554924415495,139.913
原始(未校准),0.873,0.001828428303068253,0.006968422374285893,0.7602739726027398,0.0005475508831213529,2195.1870977311282,26287.340069264555,-7531.40163390604,131.6235
原始(未校准),0.874,0.0017157169693174702,0.006466193734697721,0.7518248175182481,0.0005319065721750286,2189.0471581437982,26286.272184197867,-7538.4137200552705,121.26925
原始(未校准),0.875,0.0016530995616781466,0.006277857994852157,0.7575757575757576,0.0005006179502823798,2186.0214093799264,26285.985093404503,-7541.864981504559,119.27675
原始(未校准),0.876,0.0015529117094552286,0.005838407935212506,0.75,0.00048497363933605543,2179.09039291656,26285.27353992576,-7549.760007998422,107.969
原始(未校准),0.877,0.001427676894176581,0.005461736455521376,0.7631578947368421,0.00042239639555075796,2171.7339641339627,26283.80312969634,-7558.12583496363,102.71575
原始(未校准),0.878,0.0013400125234815279,0.005273400715675811,0.7850467289719626,0.0003598191517654605,2167.571100764878,26283.27696419986,-7562.854181327352,102.008
原始(未校准),0.879,0.0011521603005635566,0.004457279176345031,0.7717391304347826,0.00032853052987281175,2156.5365365755315,26281.574713398746,-7575.365973388296,86.81525
原始(未校准),0.88,0.001089542892924233,0.004206164856550945,0.7701149425287356,0.00031288621892648736,2152.3858682245336,26280.57784592449,-7580.065578986645,80.955
原始(未校准),0.881,0.0010144020037570446,0.0038294933768598153,0.7530864197530864,0.00031288621892648736,2148.3666918387853,26279.748229033215,-7584.60957891453,73.437
原始(未校准),0.882,0.000939261114589856,0.003703936216962772,0.7866666666666666,0.0002503089751411899,2144.328091486385,26278.85540774374,-7589.166939214072,72.53
原始(未校准),0.883,0.0008515967438948028,0.0033900433172201643,0.7941176470588235,0.00021902035324854118,2138.5720280163546,26277.827317857067,-7595.655593163598,65.5675
原始(未校准),0.884,0.0007514088916718848,0.0032017075773745998,0.85,0.0001407987985169193,2131.7410061293817,26277.077397482324,-7603.342511767524,65.118
原始(未校准),0.885,0.0006512210394489668,0.002762257517734949,0.8461538461538461,0.00012515448757059494,2126.8217692929848,26275.320485121538,-7608.844089393221,58.134
原始(未校准),0.886,0.0005510331872260488,0.0022600288781467765,0.8181818181818182,0.00012515448757059494,2121.304954279178,26274.018546566578,-7615.035144654957,48.12225
原始(未校准),0.887,0.0004884157795867251,0.0019461359784041685,0.7948717948717948,0.00012515448757059494,2116.9529932671117,26273.111091400904,-7619.9142490152135,40.256
原始(未校准),0.888,0.0004508453350031309,0.0018205788185071254,0.8055555555555556,0.00010951017662427059,2115.108120141074,26272.77607954587,-7621.979828672346,38.13975
原始(未校准),0.889,0.00041327489041953665,0.0016322430786615606,0.7878787878787878,0.00010951017662427059,2112.523031001814,26271.79469748792,-7624.868316940716,33.532
原始(未校准),0.89,0.0004007514088916719,0.0015694644987130392,0.78125,0.00010951017662427059,2112.0094873549365,26271.734699909015,-7625.441329040563,32.622
原始(未校准),0.891,0.0003757044458359424,0.001443907338815996,0.7666666666666667,0.00010951017662427059,2109.2827579318873,26271.347883994753,-7628.481974050155,27.8025
原始(未校准),0.892,0.00033813400125234813,0.0013183501789189528,0.7777777777777778,9.386586567794622e-05,2107.505001676344,26270.92588786185,-7630.460579367366,26.66325
原始(未校准),0.893,0.00028804007514088916,0.0010672358591248667,0.7391304347826086,9.386586567794622e-05,2104.6020398932733,26269.719361183536,-7633.688296882975,21.59525
原始(未校准),0.894,0.0002755165936130244,0.001004457279176345,0.7272727272727273,9.386586567794622e-05,2103.6316967034495,26269.469319656037,-7634.765088594327,19.91525
原始(未校准),0.895,0.00026299311208515967,0.0009416786992278235,0.7142857142857143,9.386586567794622e-05,2102.9621861222586,26269.280646057145,-7635.507160088339,18.762
原始(未校准),0.896,0.00026299311208515967,0.0009416786992278235,0.7142857142857143,9.386586567794622e-05,2102.9621861222586,26269.280646057145,-7635.507160088339,18.762
原始(未校准),0.897,0.00023794614902943018,0.0008789001192793019,0.7368421052631579,7.822155473162184e-05,2100.583447306943,26268.370888741367,-7638.135988081357,18.096
原始(未校准),0.898,0.00017532874139010644,0.0006905643794337372,0.7857142857142857,4.693293283897311e-05,2097.0512648722042,26267.261465730324,-7642.037405650884,14.60225
原始(未校准),0.899,0.00015028177833437695,0.0006277857994852156,0.8333333333333334,3.1288621892648736e-05,2095.841573215806,26266.68615803813,-7643.371456058822,13.7635
原始(未校准),0.9,0.0001377582968065122,0.0005650072195366941,0.8181818181818182,3.1288621892648736e-05,2094.5915457966616,26266.487971687795,-7644.748979365096,11.6635
原始(未校准),0.901,0.00010018785222291798,0.0003766714796911294,0.75,3.1288621892648736e-05,2092.4440405977916,26265.607129058266,-7647.075532284769,8.181
原始(未校准),0.902,0.00010018785222291798,0.0003766714796911294,0.75,3.1288621892648736e-05,2092.4440405977916,26265.607129058266,-7647.075532284769,8.181
原始(未校准),0.903,0.00010018785222291798,0.0003766714796911294,0.75,3.1288621892648736e-05,2092.4440405977916,26265.607129058266,-7647.075532284769,8.181
原始(未校准),0.904,8.766437069505322e-05,0.0003138928997426078,0.7142857142857143,3.1288621892648736e-05,2091.9716749863724,26265.51103086538,-7647.593068054476,7.4075
原始(未校准),0.905,8.766437069505322e-05,0.0003138928997426078,0.7142857142857143,3.1288621892648736e-05,2091.9716749863724,26265.51103086538,-7647.593068054476,7.4075
原始(未校准),0.906,7.514088916718848e-05,0.00025111431979408627,0.6666666666666666,3.1288621892648736e-05,2091.304853937954,26265.292189284704,-7648.321565945631,6.3295
原始(未校准),0.907,5.009392611145899e-05,0.00012555715989704313,0.5,3.1288621892648736e-05,2088.984213080137,26264.3937445684,-7650.854810674775,2.5915
原始(未校准),0.908,3.757044458359424e-05,6.277857994852157e-05,0.3333333333333333,3.1288621892648736e-05,2087.4548892241123,26263.621676840794,-7652.522235952397,0.1415
原始(未校准),0.909,3.757044458359424e-05,6.277857994852157e-05,0.3333333333333333,3.1288621892648736e-05,2087.4548892241123,26263.621676840794,-7652.522235952397,0.1415
原始(未校准),0.91,3.757044458359424e-05,6.277857994852157e-05,0.3333333333333333,3.1288621892648736e-05,2087.4548892241123,26263.621676840794,-7652.522235952397,0.1415
原始(未校准),0.911,3.757044458359424e-05,6.277857994852157e-05,0.3333333333333333,3.1288621892648736e-05,2087.4548892241123,26263.621676840794,-7652.522235952397,0.1415
原始(未校准),0.912,2.5046963055729494e-05,6.277857994852157e-05,0.5,1.5644310946324368e-05,2086.7838931955994,26263.380660817933,-7653.250082576633,0.5915
原始(未校准),0.913,2.5046963055729494e-05,6.277857994852157e-05,0.5,1.5644310946324368e-05,2086.7838931955994,26263.380660817933,-7653.250082576633,0.5915
原始(未校准),0.914,1.2523481527864747e-05,6.277857994852157e-05,1.0,0.0,2085.9939680564967,26263.072363549843,-7654.105268944872,1.1165
原始(未校准),0.915,1.2523481527864747e-05,6.277857994852157e-05,1.0,0.0,2085.9939680564967,26263.072363549843,-7654.105268944872,1.1165
原始(未校准),0.916,1.2523481527864747e-05,6.277857994852157e-05,1.0,0.0,2085.9939680564967,26263.072363549843,-7654.105268944872,1.1165
原始(未校准),0.917,1.2523481527864747e-05,6.277857994852157e-05,1.0,0.0,2085.9939680564967,26263.072363549843,-7654.105268944872,1.1165
原始(未校准),0.918,1.2523481527864747e-05,6.277857994852157e-05,1.0,0.0,2085.9939680564967,26263.072363549843,-7654.105268944872,1.1165
原始(未校准),0.919,1.2523481527864747e-05,6.277857994852157e-05,1.0,0.0,2085.9939680564967,26263.072363549843,-7654.105268944872,1.1165
原始(未校准),0.92,1.2523481527864747e-05,6.277857994852157e-05,1.0,0.0,2085.9939680564967,26263.072363549843,-7654.105268944872,1.1165
原始(未校准),0.921,1.2523481527864747e-05,6.277857994852157e-05,1.0,0.0,2085.9939680564967,26263.072363549843,-7654.105268944872,1.1165
原始(未校准),0.922,1.2523481527864747e-05,6.277857994852157e-05,1.0,0.0,2085.9939680564967,26263.072363549843,-7654.105268944872,1.1165
原始(未校准),0.923,1.2523481527864747e-05,6.277857994852157e-05,1.0,0.0,2085.9939680564967,26263.072363549843,-7654.105268944872,1.1165
原始(未校准),0.924,1.2523481527864747e-05,6.277857994852157e-05,1.0,0.0,2085.9939680564967,26263.072363549843,-7654.105268944872,1.1165
原始(未校准),0.925,1.2523481527864747e-05,6.277857994852157e-05,1.0,0.0,2085.9939680564967,26263.072363549843,-7654.105268944872,1.1165
原始(未校准),0.926,0.0,0.0,,0.0,2085.223935000261,26262.733508605124,-7654.927272042671,0.0
原始(未校准),0.927,0.0,0.0,,0.0,2085.223935000261,26262.733508605124,-7654.927272042671,0.0
原始(未校准),0.928,0.0,0.0,,0.0,2085.223935000261,26262.733508605124,-7654.927272042671,0.0
原始(未校准),0.929,0.0,0.0,,0.0,2085.223935000261,26262.733508605124,-7654.927272042671,0.0
原始(未校准),0.93,0.0,0.0,,0.0,2085.223935000261,26262.733508605124,-7654.927272042671,0.0
原始(未校准),0.931,0.0,0.0,,0.0,2085.223935000261,26262.733508605124,-7654.927272042671,0.0
原始(未校准),0.932,0.0,0.0,,0.0,2085.223935000261,26262.733508605124,-7654.927272042671,0.0
原始(未校准),0.933,0.0,0.0,,0.0,2085.223935000261,26262.733508605124,-7654.927272042671,0.0
原始(未校准),0.934,0.0,0.0,,0.0,2085.223935000261,26262.733508605124,-7654.927272042671,0.0
原始(未校准),0.935,0.0,0.0,,0.0,2085.223935000261,26262.733508605124,-7654.927272042671,0.0
原始(未校准),0.936,0.0,0.0,,0.0,2085.223935000261,26262.733508605124,-7654.927272042671,0.0
原始(未校准),0.937,0.0,0.0,,0.0,2085.223935000261,26262.733508605124,-7654.927272042671,0.0
原始(未校准),0.9380000000000001,0.0,0.0,,0.0,2085.223935000261,26262.733508605124,-7654.927272042671,0.0
原始(未校准),0.9390000000000001,0.0,0.0,,0.0,2085.223935000261,26262.733508605124,-7654.927272042671,0.0
原始(未校准),0.9400000000000001,0.0,0.0,,0.0,2085.223935000261,26262.733508605124,-7654.927272042671,0.0
原始(未校准),0.9410000000000001,0.0,0.0,,0.0,2085.223935000261,26262.733508605124,-7654.927272042671,0.0
原始(未校准),0.9420000000000001,0.0,0.0,,0.0,2085.223935000261,26262.733508605124,-7654.927272042671,0.0
原始(未校准),0.9430000000000001,0.0,0.0,,0.0,2085.223935000261,26262.733508605124,-7654.927272042671,0.0
原始(未校准),0.9440000000000001,0.0,0.0,,0.0,2085.223935000261,26262.733508605124,-7654.927272042671,0.0
原始(未校准),0.9450000000000001,0.0,0.0,,0.0,2085.223935000261,26262.733508605124,-7654.927272042671,0.0
原始(未校准),0.9460000000000001,0.0,0.0,,0.0,2085.223935000261,26262.733508605124,-7654.927272042671,0.0
原始(未校准),0.9470000000000001,0.0,0.0,,0.0,2085.223935000261,26262.733508605124,-7654.927272042671,0.0
原始(未校准),0.9480000000000001,0.0,0.0,,0.0,2085.223935000261,26262.733508605124,-7654.927272042671,0.0
原始(未校准),0.9490000000000001,0.0,0.0,,0.0,2085.223935000261,26262.733508605124,-7654.927272042671,0.0
原始(未校准),0.9500000000000001,0.0,0.0,,0.0,2085.223935000261,26262.733508605124,-7654.927272042671,0.0
原始(未校准),0.9510000000000001,0.0,0.0,,0.0,2085.223935000261,26262.733508605124,-7654.927272042671,0.0
原始(未校准),0.9520000000000001,0.0,0.0,,0.0,2085.223935000261,26262.733508605124,-7654.927272042671,0.0
原始(未校准),0.9530000000000001,0.0,0.0,,0.0,2085.223935000261,26262.733508605124,-7654.927272042671,0.0
原始(未校准),0.9540000000000001,0.0,0.0,,0.0,2085.223935000261,26262.733508605124,-7654.927272042671,0.0
原始(未校准),0.9550000000000001,0.0,0.0,,0.0,2085.223935000261,26262.733508605124,-7654.927272042671,0.0
原始(未校准),0.9560000000000001,0.0,0.0,,0.0,2085.223935000261,26262.733508605124,-7654.927272042671,0.0
原始(未校准),0.9570000000000001,0.0,0.0,,0.0,2085.223935000261,26262.733508605124,-7654.927272042671,0.0
原始(未校准),0.9580000000000001,0.0,0.0,,0.0,2085.223935000261,26262.733508605124,-7654.927272042671,0.0
原始(未校准),0.9590000000000001,0.0,0.0,,0.0,2085.223935000261,26262.733508605124,-7654.927272042671,0.0
原始(未校准),0.96,0.0,0.0,,0.0,2085.223935000261,26262.733508605124,-7654.927272042671,0.0
原始(未校准),0.961,0.0,0.0,,0.0,2085.223935000261,26262.733508605124,-7654.927272042671,0.0
原始(未校准),0.962,0.0,0.0,,0.0,2085.223935000261,26262.733508605124,-7654.927272042671,0.0
原始(未校准),0.963,0.0,0.0,,0.0,2085.223935000261,26262.733508605124,-7654.927272042671,0.0
原始(未校准),0.964,0.0,0.0,,0.0,2085.223935000261,26262.733508605124,-7654.927272042671,0.0
原始(未校准),0.965,0.0,0.0,,0.0,2085.223935000261,26262.733508605124,-7654.927272042671,0.0
原始(未校准),0.966,0.0,0.0,,0.0,2085.223935000261,26262.733508605124,-7654.927272042671,0.0
原始(未校准),0.967,0.0,0.0,,0.0,2085.223935000261,26262.733508605124,-7654.927272042671,0.0
原始(未校准),0.968,0.0,0.0,,0.0,2085.223935000261,26262.733508605124,-7654.927272042671,0.0
原始(未校准),0.969,0.0,0.0,,0.0,2085.223935000261,26262.733508605124,-7654.927272042671,0.0
原始(未校准),0.97,0.0,0.0,,0.0,2085.223935000261,26262.733508605124,-7654.927272042671,0.0
原始(未校准),0.971,0.0,0.0,,0.0,2085.223935000261,26262.733508605124,-7654.927272042671,0.0
原始(未校准),0.972,0.0,0.0,,0.0,2085.223935000261,26262.733508605124,-7654.927272042671,0.0
原始(未校准),0.973,0.0,0.0,,0.0,2085.223935000261,26262.733508605124,-7654.927272042671,0.0
原始(未校准),0.974,0.0,0.0,,0.0,2085.223935000261,26262.733508605124,-7654.927272042671,0.0
原始(未校准),0.975,0.0,0.0,,0.0,2085.223935000261,26262.733508605124,-7654.927272042671,0.0
原始(未校准),0.976,0.0,0.0,,0.0,2085.223935000261,26262.733508605124,-7654.927272042671,0.0
原始(未校准),0.977,0.0,0.0,,0.0,2085.223935000261,26262.733508605124,-7654.927272042671,0.0
原始(未校准),0.978,0.0,0.0,,0.0,2085.223935000261,26262.733508605124,-7654.927272042671,0.0
原始(未校准),0.979,0.0,0.0,,0.0,2085.223935000261,26262.733508605124,-7654.927272042671,0.0
原始(未校准),0.98,0.0,0.0,,0.0,2085.223935000261,26262.733508605124,-7654.927272042671,0.0
原始(未校准),0.981,0.0,0.0,,0.0,2085.223935000261,26262.733508605124,-7654.927272042671,0.0
原始(未校准),0.982,0.0,0.0,,0.0,2085.223935000261,26262.733508605124,-7654.927272042671,0.0
原始(未校准),0.983,0.0,0.0,,0.0,2085.223935000261,26262.733508605124,-7654.927272042671,0.0
原始(未校准),0.984,0.0,0.0,,0.0,2085.223935000261,26262.733508605124,-7654.927272042671,0.0
原始(未校准),0.985,0.0,0.0,,0.0,2085.223935000261,26262.733508605124,-7654.927272042671,0.0
原始(未校准),0.986,0.0,0.0,,0.0,2085.223935000261,26262.733508605124,-7654.927272042671,0.0
原始(未校准),0.987,0.0,0.0,,0.0,2085.223935000261,26262.733508605124,-7654.927272042671,0.0
原始(未校准),0.988,0.0,0.0,,0.0,2085.223935000261,26262.733508605124,-7654.927272042671,0.0
原始(未校准),0.989,0.0,0.0,,0.0,2085.223935000261,26262.733508605124,-7654.927272042671,0.0
原始(未校准),0.99,0.0,0.0,,0.0,2085.223935000261,26262.733508605124,-7654.927272042671,0.0
原始(未校准),0.991,0.0,0.0,,0.0,2085.223935000261,26262.733508605124,-7654.927272042671,0.0
原始(未校准),0.992,0.0,0.0,,0.0,2085.223935000261,26262.733508605124,-7654.927272042671,0.0
原始(未校准),0.993,0.0,0.0,,0.0,2085.223935000261,26262.733508605124,-7654.927272042671,0.0
原始(未校准),0.994,0.0,0.0,,0.0,2085.223935000261,26262.733508605124,-7654.927272042671,0.0
原始(未校准),0.995,0.0,0.0,,0.0,2085.223935000261,26262.733508605124,-7654.927272042671,0.0
原始(未校准),0.996,0.0,0.0,,0.0,2085.223935000261,26262.733508605124,-7654.927272042671,0.0
原始(未校准),0.997,0.0,0.0,,0.0,2085.223935000261,26262.733508605124,-7654.927272042671,0.0
原始(未校准),0.998,0.0,0.0,,0.0,2085.223935000261,26262.733508605124,-7654.927272042671,0.0
原始(未校准),0.999,0.0,0.0,,0.0,2085.223935000261,26262.733508605124,-7654.927272042671,0.0
校准后,0.001,1.0,1.0,0.19948653725735754,1.0,0.0,0.0,0.0,-1931.2944
校准后,0.002,1.0,1.0,0.19948653725735754,1.0,0.0,0.0,0.0,-1931.2944
校准后,0.003,1.0,1.0,0.19948653725735754,1.0,0.0,0.0,0.0,-1931.2944
校准后,0.004,1.0,1.0,0.19948653725735754,1.0,0.0,0.0,0.0,-1931.2944
校准后,0.005,1.0,1.0,0.19948653725735754,1.0,0.0,0.0,0.0,-1931.2944
校准后,0.006,1.0,1.0,0.19948653725735754,1.0,0.0,0.0,0.0,-1931.2944
校准后,0.007,0.9999749530369443,1.0,0.19949153391443744,0.9999687113781074,0.05485140457432676,0.05560236295043858,0.026690465470134258,-1931.2377
校准后,0.008,0.9998747651847214,1.0,0.19951152304609218,0.9998435568905367,1.1814402993257163,1.0858312445835574,0.5728981096219499,-1930.06815
校准后,0.009000000000000001,0.9996618659987476,0.9999372214200515,0.19954148553675005,0.9995932479153956,4.104259543798597,3.8362002743000545,1.982968795001013,-1928.99625
校准后,0.01,0.9992110206637446,0.999874442840103,0.19961898554902427,0.9990456970322742,10.803519533925995,10.144713600308977,5.201452195229017,-1922.43365
校准后,0.011,0.9985472761427677,0.999874442840103,0.19975167431710436,0.998216548552119,20.50327582474452,19.248105858502544,9.840676592668375,-1912.20425
校准后,0.012,0.9975579211020664,0.9998116642601544,0.19993722930136212,0.9969962922983058,37.77001922899033,35.63571575544516,18.063392262389044,-1894.5386
校准后,0.013000000000000001,0.9962429555416406,0.9996861071002574,0.2001759899434318,0.9953849282708344,59.85918604591166,56.24719168736183,28.536865882125248,-1874.7975
校准后,0.014,0.9947651847213526,0.9995605499403604,0.2004481820928593,0.9935701882010607,82.69046035824266,78.3549038505674,39.310183162513304,-1852.05185
校准后,0.015,0.9931120851596744,0.9993722142005148,0.2007440100882724,0.9915520720889849,112.2900670676773,106.76524614404585,53.21513903997652,-1823.14855
校准后,0.016,0.991484032561052,0.9992466570406178,0.2010483769104459,0.9895496002878553,140.73064443965518,133.6926074751014,66.5098079307294,-1794.7215
校准后,0.017,0.9899185973700689,0.9991838784606693,0.20135365930798912,0.9876097057305111,168.3988266318822,160.34062546885986,79.3779317169332,-1766.3846
校准后,0.018000000000000002,0.9880400751408892,0.9988699855609267,0.20167310982952025,0.9853412806432941,202.59627091263025,193.9832911305867,95.20096124169565,-1736.7677
校准后,0.019,0.9859862241703193,0.9986816498210811,0.20205509900801463,0.9828225465809358,237.36751547991773,228.78420655294806,111.21157852369235,-1704.4793
校准后,0.02,0.984157795867251,0.9983049783413899,0.20235413883056563,0.9806323430484505,270.9270797943097,262.3355263053724,126.59607835347434,-1676.17065
校准后,0.021,0.9819912335629305,0.9979910854416473,0.20273682599602103,0.9780040988094679,309.4472279741361,301.4464823134737,144.15186448830696,-1639.39195
校准后,0.022,0.9799248591108328,0.9975516353820076,0.20307487827009343,0.9755322976799486,344.8586496597436,337.7894346873049,160.2057663723545,-1605.8795
校准后,0.023,0.9777082028804007,0.9973005210622136,0.2034840527731523,0.9728258318862346,379.7040095692411,373.3766093083371,175.91243606383523,-1569.0076
校准后,0.024,0.9756167814652473,0.9970494067424195,0.2038689139057546,0.9702758092019838,417.070996881805,412.2794754684964,192.66221444670506,-1531.8827
校准后,0.025,0.9734126487163431,0.9967355138426769,0.20426621379958057,0.9676006320301622,454.2863372299351,451.6740740824568,209.2618866161909,-1492.9685
校准后,0.026000000000000002,0.9710832811521602,0.9962960637830373,0.20466591867528147,0.9648003003707701,496.48101576948034,497.60790549221343,228.00055711813732,-1454.51545
校准后,0.027,0.9685284909204759,0.9959193923033461,0.20512820512820512,0.961702726803398,540.4806208032198,545.8210749139577,247.40638488184354,-1409.8681
校准后,0.028,0.966111458985598,0.9957310565635006,0.2056025095924505,0.9587303077235964,581.9942603971367,591.8206307389788,265.601419290019,-1365.0814
校准后,0.029,0.9636318096430808,0.9953543850838094,0.20605359602838355,0.955726600021902,624.6611097397847,637.5279101868647,284.1979907684479,-1319.27785
校准后,0.03,0.96111458985598,0.9950404921840668,0.20652811258062415,0.9526603150764225,667.1994371197102,685.5221117052866,302.6127562572446,-1273.91655
校准后,0.031,0.9586725109580463,0.9941615920647875,0.2068713259307642,0.9498286947951378,714.1532078683217,737.2392940774597,322.821465224748,-1239.97125
校准后,0.032,0.9561678146524734,0.9938476991650449,0.20734774066797643,0.9467780541606045,757.2323120434905,786.8936321242577,341.2571892198818,-1196.38625
校准后,0.033,0.9537507827175955,0.9934710276853538,0.20779442467534173,0.9438525680136418,798.1580867560672,834.8985547919871,358.6488562913995,-1154.98975
校准后,0.034,0.9513838447088291,0.9930943562056627,0.20823241364785172,0.9409896591104645,838.0201369184409,881.7808654332113,375.5104742035716,-1114.5536
校准后,0.035,0.9487413901064496,0.9925921275660744,0.2087067861715749,0.9378138639883606,882.4431517806571,934.2052886101324,394.139001750334,-1069.48195
校准后,0.036000000000000004,0.9460738885410144,0.9918387846066922,0.20913639733135655,0.9346693574881494,928.1337204809992,989.1892213807557,413.2523159551502,-1031.35505
校准后,0.037,0.9430056355666876,0.991336555967104,0.20971062032696317,0.9309616557938706,981.0872678807589,1052.6539964112108,435.18205417629537,-977.42965
校准后,0.038,0.9403506574827802,0.9908971059074644,0.21020949032455685,0.9277545720498741,1024.6919669894155,1106.8138359130892,453.19176128709205,-929.56875
校准后,0.039,0.9377082028804008,0.9902693201079792,0.21066830493081895,0.9246100655496629,1070.755936829284,1163.1477409918082,472.05104178607576,-884.8095
校准后,0.04,0.9346149029430182,0.9895787557285454,0.211218159160648,0.9209180081663303,1121.2243885713556,1225.3938561452876,492.53464727374137,-835.9379
校准后,0.041,0.9315591734502192,0.9892648628288028,0.21184378570948445,0.9171790178501588,1170.1880310904485,1286.175561522745,512.278125800913,-781.932
校准后,0.042,0.9283155917345022,0.9885742984493691,0.21243558265655776,0.9132992287354703,1223.8259788420482,1353.1146084459003,533.7418998549742,-726.47435
校准后,0.043000000000000003,0.9251221039448967,0.9881348483897294,0.21307414276238307,0.9094194396207819,1277.2904356536712,1421.4552323991536,555.0301610253441,-667.70205
校准后,0.044,0.922216656230432,0.9875698411701928,0.2136232159589348,0.9059307582797516,1324.774676071694,1482.6284896125148,573.7815082899945,-619.89005
校准后,0.045,0.9194990607388854,0.9866281624709649,0.21405028465582523,0.902770607468594,1370.6270480426742,1541.2260165070982,591.6902514119736,-580.38155
校准后,0.046,0.916756418284283,0.9858748195115826,0.21452672704670572,0.8995322351027049,1413.4306293784384,1599.4346551929834,608.2706794006878,-540.2654
校准后,0.047,0.9140137758296807,0.9849331408123548,0.2149649238189192,0.8963407956696547,1454.1796760694133,1653.3820812841698,623.9154165093621,-503.06845
校准后,0.048,0.9109705698184095,0.9841170192730241,0.21550432355892826,0.8927426041520001,1500.2879238617436,1715.9057136819608,641.5056988404111,-456.6344
校准后,0.049,0.9077144646211647,0.9833008977336932,0.2160980118927719,0.888878459348258,1549.368778074424,1780.7978429092086,660.2240970793318,-408.0836
校准后,0.05,0.9048966812773951,0.9821708832946199,0.21652181133746679,0.8856400869823688,1592.8725617292669,1840.1487821086987,676.5803002687992,-373.8727
校准后,0.051000000000000004,0.9017282404508453,0.9813547617552891,0.21710206519172812,0.8818854523552511,1639.670986248817,1905.312183548677,694.0165308430454,-328.62105
校准后,0.052000000000000005,0.898609893550407,0.9805386402159583,0.2176742759985506,0.8781933949719185,1685.9962132853855,1969.4337204218955,711.1140011800453,-283.9978
校准后,0.053,0.8957169693174702,0.979785297256576,0.218209527005299,0.8747672908746734,1728.6092098783083,2028.34298105925,726.6368126858881,-243.0109
校准后,0.054,0.8927238572323106,0.9785925042375542,0.21867459738510744,0.8713255424664821,1771.236995106262,2090.1119107487775,742.0426197545225,-206.1252
校准后,0.055,0.8893299937382593,0.9776508255383263,0.21929787503696507,0.8673205988642231,1820.675014187789,2161.588889663708,759.8056356040938,-155.42085
校准后,0.056,0.8861740763932373,0.9765208110992529,0.21982447958621273,0.8636598301027831,1866.1625940968886,2227.8877228861234,775.9977815598459,-111.6951
校准后,0.057,0.8829805886036318,0.9759558038797163,0.22049187303208237,0.8598113296099873,1912.0513994735963,2294.4138874359505,792.0808542655433,-58.77335
校准后,0.058,0.8795241077019411,0.9748885680205914,0.2211163320518297,0.8557594530748893,1962.2851318955236,2370.513170121115,809.5102840083964,-8.1742
校准后,0.059000000000000004,0.8760551033187226,0.9734446606817754,0.22166311666404587,0.8517857980945229,2013.509533616587,2449.1647895594824,827.2708464219021,38.5002
校准后,0.06,0.8726737633061992,0.9722518676627535,0.22224932910465967,0.8478590760469955,2057.389304060683,2516.2673527629086,842.3580095472338,79.9093
校准后,0.061,0.8690544771446462,0.9714357461234226,0.22298757817678763,0.84354124622581,2110.8090449180245,2600.471926797466,860.479336090399,139.78455
校准后,0.062,0.8654852849092047,0.9698662816247097,0.22354541376665846,0.8394737253797656,2160.557842658653,2677.3015505847125,877.0249719462979,187.2594
校准后,0.063,0.8619035691922354,0.9686107100257392,0.22418377577263415,0.8353123386680433,2211.8914014247916,2759.323646325465,894.1112396830853,237.8697
校准后,0.064,0.8584095178459612,0.9673551384267688,0.2248045051353875,0.8312604621329454,2258.630317088669,2833.775367589539,909.2766732755423,288.4504
校准后,0.065,0.8547150907952411,0.9663506811475925,0.22554176617972424,0.8268956993789208,2311.0196548456406,2919.6365998394176,926.4408005672807,339.9339
校准后,0.066,0.8514088916718848,0.9655973381882101,0.2262410825917482,0.8229533330204472,2355.081911210237,2989.086925004644,940.6002838459941,391.03485
校准后,0.067,0.8481026925485284,0.9643417665892398,0.22682771961429984,0.8191361211495439,2402.974177703842,3067.7473776403895,956.0814114038467,435.46015
校准后,0.068,0.8447839699436444,0.9631489735702179,0.22743714421252373,0.8152876206567482,2443.88582553577,3135.613964414286,968.8401207308024,475.39045
校准后,0.069,0.841014402003757,0.9613911733316592,0.22803960985779168,0.8110167237684016,2492.8434956536075,3218.742015851826,984.0384306108764,523.32575
校准后,0.07,0.8370695053224797,0.9595705945131521,0.22868043087971274,0.8065424508377529,2546.5929066220433,3308.5685009847166,1000.2521381012446,562.6927
校准后,0.07100000000000001,0.8335504070131496,0.9582522443342332,0.2293303685452005,0.8024749299917086,2593.4495464882802,3389.1560524889974,1014.1505602665504,608.14585
校准后,0.07200000000000001,0.8305447714464621,0.9574361227949024,0.22996426363485578,0.7989236714068929,2631.7307374084794,3455.271051195909,1025.4454340899492,646.5898
校准后,0.073,0.8270507201001879,0.9562433297758804,0.2306480920654149,0.7948561505608486,2674.8567683527635,3530.538552650641,1038.181619632897,693.89655
校准后,0.074,0.8234564809016907,0.954862201017013,0.23132024394324213,0.7907104081600725,2723.149171278896,3615.985408041052,1052.0105118056417,740.6712
校准后,0.075,0.8193988728866625,0.9534810722581455,0.2321294838680096,0.7859858262542826,2773.800262476411,3707.0212907075643,1066.4380859025127,795.14385
校准后,0.076,0.8157545397620538,0.9519116077594325,0.23278270748257546,0.7818244395425603,2818.1821886844596,3788.5175380936744,1078.9646739525676,837.67485
校准后,0.077,0.8124733876017532,0.9504049218406679,0.23335285775941797,0.7781010935373351,2856.5601442090747,3858.597076349011,1089.6127355169149,870.3006
校准后,0.078,0.808979336255479,0.949086571661749,0.23403563632986052,0.7740648613131834,2899.644666846789,3938.3786247325115,1101.3511955154852,914.6873
校准后,0.079,0.8052348152786475,0.9477054429028815,0.23478179725652432,0.7697313871810516,2945.1470723145103,4020.0155691511945,1113.5119925040826,963.76475
校准后,0.08,0.8018284283030682,0.9460104212442715,0.2353575110111517,0.7658985309992021,2985.526190757512,4094.6477013733893,1123.8481635222447,1003.5216
校准后,0.081,0.7985347526612399,0.9440642852658673,0.23584210278688267,0.7622690508596549,3022.4020711846574,4162.543156954185,1133.4950729459147,1030.0454
校准后,0.082,0.7948528490920476,0.9428087136668969,0.23661945201594478,0.757982509660362,3065.559378074006,4245.128807462597,1144.3689172549919,1076.05715
校准后,0.083,0.7912460864120225,0.9414275849080294,0.23734983618492903,0.7538211229486397,3107.8528258508304,4327.997834719862,1154.6931208668157,1111.81955
校准后,0.084,0.7874890419536631,0.9399208989892649,0.23810053911356371,0.7495032931274542,3154.592090643104,4420.115893158257,1166.4934293701194,1158.4134
校准后,0.085,0.7837820914214152,0.9380375415908092,0.23874730366701286,0.745341906415732,3197.8280920346506,4503.24176476867,1177.0627731023487,1194.9292
校准后,0.08600000000000001,0.7799624295554164,0.9370958628915814,0.2396756583172768,0.7408050562412979,3243.930375611391,4593.988384704194,1187.4817108210186,1253.9668
校准后,0.08700000000000001,0.7766437069505322,0.9355263983928683,0.24029670241070708,0.73705042161418,3282.894042762725,4669.204060432027,1196.843390913963,1291.1654
校准后,0.088,0.7731246086412022,0.9340824910540524,0.24101791557326593,0.7330141893900283,3322.20655105376,4749.0986854588255,1205.9340783057908,1329.91225
校准后,0.089,0.7695178459611772,0.9322619122355452,0.24167561761546724,0.7289623128549303,3364.2466214853152,4834.748123513361,1214.9902049401169,1370.26045
校准后,0.09,0.7657107075767063,0.9298763261975014,0.24225573255699845,0.724800926143208,3405.622406033023,4920.809763917937,1223.9471386012892,1404.84595
校准后,0.091,0.7619787100814026,0.9282440831188399,0.24301492341068964,0.7205456735658078,3445.2353771672324,5002.716021400009,1232.6257653932132,1442.45365
校准后,0.092,0.7581590482154039,0.9262979471404357,0.243727184129239,0.716259132366515,3486.709216087062,5091.62942460264,1241.0299404596929,1483.18365
校准后,0.093,0.7544896681277395,0.9244773683219285,0.24443116555455963,0.7121290342766853,3528.7645034295915,5179.79430655421,1250.0381653908626,1521.63655
校准后,0.094,0.7512335629304947,0.9233473538828552,0.24519054446037408,0.7083431110276748,3561.980872791284,5248.2762005383065,1256.0300186184481,1564.73835
校准后,0.095,0.7477645585472762,0.9214639964843995,0.24582558743238037,0.7044789662239327,3598.894855213289,5329.5301013467315,1263.1096218393516,1599.04155
校准后,0.096,0.744257983719474,0.9193923033460983,0.24642851133285096,0.7006148214201905,3637.2925279021465,5413.814650955169,1270.342222399776,1622.8392
校准后,0.097,0.7405009392611146,0.9175089459476427,0.24717143871873362,0.696390857464683,3676.304278374025,5501.689490103437,1277.6107514981904,1660.6529
校准后,0.098,0.7364308077645585,0.9149978027497018,0.2478572886198218,0.6919322288449805,3718.530971329581,5598.319305597835,1285.0019288439437,1692.17415
校准后,0.099,0.732686286787727,0.9132400025111432,0.24864541492180156,0.6876926205785266,3759.681433495231,5690.895430282788,1292.1936028138343,1735.31975
校准后,0.1,0.7292423293675642,0.9120472094921213,0.24949338828782414,0.6836876769762675,3797.4204425792054,5775.630334675424,1298.7013011275671,1780.2012
校准后,0.101,0.7254852849092047,0.9096616234540774,0.2501294665976178,0.6795888675083306,3833.978932018024,5857.828137080068,1304.590910130642,1812.6161
校准后,0.10200000000000001,0.7216530995616781,0.9072132588360852,0.2507809246147439,0.6754118364856619,3874.109276821208,5951.347433720847,1310.654278154878,1839.37335
校准后,0.10300000000000001,0.7181214777708202,0.9052043442777324,0.2514561752293258,0.6715007587490809,3912.4548932791495,6040.913408296131,1316.7945547987335,1876.5863
校准后,0.10400000000000001,0.7148027551659362,0.9029443153995856,0.2519929218424234,0.6679182115423726,3947.900159700826,6122.912894607897,1322.1879038191703,1898.49795
校准后,0.105,0.7116468378209142,0.9013120723209241,0.2526528816542015,0.6643825972685033,3978.053917287261,6194.342396612042,1326.141225007438,1933.03605
校准后,0.106,0.7081402629931121,0.8993031577625714,0.25333804934123266,0.6605028081538149,4016.4432611451193,6286.955717245073,1331.5632644475315,1965.45415
校准后,0.107,0.7045710707576707,0.8974825789440642,0.2541059367223605,0.6564978645515558,4051.4671259228753,6372.033155805504,1335.9856118898329,2001.04905
校准后,0.108,0.7010144020037571,0.8957875572854542,0.25491281977990565,0.6524772766383504,4086.8623887366407,6458.958770143036,1340.0471111459085,2047.74145
校准后,0.109,0.6975704445835942,0.8939669784669471,0.2556507064505126,0.6486287761455547,4120.3870760905875,6539.869594753177,1343.5493714791928,2072.56945
校准后,0.11,0.6940889167188479,0.8924602925481826,0.25650000902152537,0.6446551211651883,4153.605920894902,6619.474125974772,1347.2794227654076,2112.20785
校准后,0.111,0.6904070131496556,0.8907652708895725,0.2573781494313338,0.6404780901425197,4188.81766346374,6708.457107652526,1350.8760664417616,2152.6083
校准后,0.112,0.6866875391358798,0.8888819134911168,0.2582251240151736,0.636301059119851,4224.647724571099,6795.526427507207,1354.530208999399,2195.857
校准后,0.113,0.6830807764558547,0.886496327453073,0.25889190378410093,0.63238998138327,4258.730566602758,6882.680997067121,1357.6196808082766,2221.47305
校准后,0.114,0.679636819035692,0.8847385272145144,0.25968785125946675,0.6285258365795279,4297.152390926795,6981.369058122793,1361.7569158327426,2264.6687
校准后,0.115,0.6759423919849719,0.8826668340762132,0.2604957942713158,0.6244270271115908,4332.121863462871,7068.270001375481,1363.8618195189315,2298.95025
校准后,0.116,0.6723731997495304,0.8807206980978091,0.26130119763824994,0.6204533721312245,4367.1341722825755,7156.9448033101025,1367.0884863841138,2337.957
校准后,0.117,0.6687664370695053,0.8786490049595078,0.2620924701784611,0.6164640728399118,4405.612140915673,7254.33949985549,1370.7520554494054,2367.57135
校准后,0.11800000000000001,0.665372573575454,0.876514533241258,0.26278938452851497,0.6127563711456329,4442.15161884662,7345.836041942644,1373.9896185704083,2402.4482
校准后,0.11900000000000001,0.6620037570444584,0.8744428401029569,0.2635023930686139,0.6090643137623003,4474.5574550688125,7429.652802197127,1376.2419115697717,2427.2143
校准后,0.12,0.6587601753287414,0.8733128256638835,0.26445762518535415,0.6052940348242362,4503.338359460216,7506.653607282737,1377.5364393237423,2473.8339
校准后,0.121,0.655466499686913,0.8714922468453764,0.26523242706203787,0.6016332660627962,4532.149684556239,7586.018186733134,1377.6130773916948,2499.48735
校准后,0.122,0.6520851596743895,0.8698600037667148,0.2661084330407728,0.5978160541918931,4563.867276662839,7674.889594219732,1378.882575816564,2536.3681
校准后,0.123,0.6485034439574202,0.8676627534685165,0.26690226522217714,0.5938893321443657,4602.197808288814,7779.922160450211,1380.9469652103933,2563.3743
校准后,0.124,0.6446963055729493,0.8650888316906271,0.2676819674041842,0.5897748783654824,4637.805342169222,7880.451789236023,1381.9335733836397,2603.56165
校准后,0.125,0.6417282404508453,0.8637077029317597,0.26849069122985053,0.5864113515120226,4662.910951415154,7950.394577041128,1381.7470803384085,2635.0947
校准后,0.126,0.6384596117720727,0.8617615669533555,0.26925717424138407,0.582813159994368,4688.748510501137,8024.44041960024,1380.5192283451722,2664.512
校准后,0.127,0.6352536005009393,0.8599409881348484,0.2700443568260227,0.5792619014095525,4716.140194178978,8104.497034219685,1380.1150494523692,2691.74015
校准后,0.128,0.6323105823418911,0.8580576307363927,0.27070707070707073,0.5760548176655559,4742.050088503665,8178.890338489522,1378.8882941159748,2713.21315
校准后,0.129,0.6290294301815905,0.855923159018143,0.27144222346101776,0.572487914769794,4767.918651119552,8255.39258111026,1377.383094999642,2736.23495
校准后,0.13,0.6259361302442079,0.8538514658798418,0.27212340689461995,0.5691400322272806,4795.967248852384,8337.682409869247,1376.6965413246107,2767.1426
校准后,0.131,0.6226549780839074,0.8520308870613347,0.27297411452362275,0.565494907776787,4823.675989713528,8419.193971473785,1375.4650305112152,2797.09965
校准后,0.132,0.6190857858484659,0.8497080796032394,0.273799409313428,0.5616151186620986,4852.327186008857,8503.169087731127,1373.2962343337924,2828.6835
校准后,0.133,0.6158046336881653,0.8479502793646808,0.2746888473114781,0.5579543499006586,4878.571286353645,8583.653920575098,1372.1058055767837,2865.4901
校准后,0.134,0.6126111458985598,0.8463180362860192,0.2755892634462457,0.5543718026939504,4905.665896455406,8666.63479987666,1370.607515614962,2900.66185
校准后,0.135,0.6094677520350658,0.8444346788875635,0.2763941971807833,0.5509144099748127,4935.39786256302,8759.28232552804,1368.9268123467918,2934.5698
校准后,0.136,0.6061365059486538,0.8417979785297257,0.27704545454545454,0.547410084322836,4962.957339273231,8845.253048905337,1366.557582899725,2960.11795
校准后,0.137,0.602968065122104,0.8398518425513215,0.27785739506095913,0.5439370472927519,4988.588163647037,8924.980288396382,1362.8914817987634,2985.2784
校准后,0.138,0.5996117720726362,0.8372779207734321,0.2785563608262495,0.5403857887079364,5015.770943096234,9009.828576989818,1359.8338755970997,3013.539
校准后,0.139,0.5962179085785848,0.8348295561554397,0.27932280289027056,0.5367563085683891,5047.9206919213075,9108.05330735548,1358.39287646132,3046.47975
校准后,0.14,0.5932122730118973,0.8326323058572415,0.2799991555480493,0.5335492248243926,5072.507402238601,9187.305970063331,1354.4078168985995,3073.778
校准后,0.14100000000000001,0.590181590482154,0.8303722769790948,0.28067308916521666,0.5303264967694498,5095.018862561572,9264.600727076242,1350.4787730744456,3096.3282
校准后,0.14200000000000002,0.5866123982467126,0.8279239123611024,0.28154821630622745,0.526477996276654,5124.425775214075,9359.709411652835,1346.60966253938,3132.01035
校准后,0.14300000000000002,0.5835316217908578,0.8255383263230586,0.28221912222341455,0.5232239795998185,5153.411216208461,9452.331153439878,1345.5406750032666,3156.7137
校准后,0.14400000000000002,0.5800375704445836,0.8229016259652207,0.2830123499438639,0.5195162779055397,5181.453188677989,9547.637188321009,1341.5352484908617,3185.73275
校准后,0.145,0.5770945522855354,0.8203904827672798,0.28358759575530046,0.5164656372710064,5205.081568175526,9628.487524309012,1338.0343227156484,3201.72355
校准后,0.146,0.5740513462742642,0.8180048967292359,0.2842619660543654,0.5132585535270099,5226.939645709676,9705.998178459871,1333.7709869129549,3222.70635
校准后,0.147,0.5701189730745148,0.8149287463117584,0.28514629645901063,0.509112811126234,5258.148475649715,9814.865106463634,1327.4407050675359,3251.54165
校准后,0.148,0.5670006261740764,0.8122920459539206,0.28578685808945337,0.5058744387603448,5279.966462434636,9892.215339067128,1322.3762454445068,3271.8297
校准后,0.149,0.5640325610519724,0.8097181241760312,0.28638038989297926,0.5028081538148652,5298.2737945818435,9960.478266368831,1316.4051516756122,3282.18335
校准后,0.15,0.5608015028177833,0.8071442023981418,0.28711478338543994,0.49941333833951285,5321.473308793028,10046.583968111261,1310.4864210283845,3295.4365
校准后,0.151,0.5574827802128992,0.8046330592002009,0.2879254183982927,0.49589336837658987,5348.31933534805,10136.909979865224,1305.7337463138304,3320.3856
校准后,0.152,0.5542266750156544,0.802247473162157,0.28875833239182014,0.49242033134650587,5376.455801538694,10235.732623226231,1300.6062873217384,3353.34355
校准后,0.153,0.5510331872260489,0.7996107728043191,0.28947727272727275,0.4890880931149387,5397.617924310892,10314.024892951053,1293.5904060885177,3379.86975
校准后,0.154,0.5481653099561679,0.7969112938665327,0.29000936693244384,0.48617825127892245,5419.454996372144,10397.84945090059,1288.0621970906436,3399.79365
校准后,0.155,0.5449718221665623,0.7939607006089522,0.2906287342586635,0.48292423460208694,5444.953711377589,10493.206475440851,1281.7345750803217,3416.5192
校准后,0.156,0.541941139636819,0.7921401217904451,0.2915838609788788,0.47959199637051986,5467.916481713546,10582.62795900115,1275.4527505880876,3444.3585
校准后,0.157,0.5388353162179086,0.7895662000125557,0.29231162552875006,0.4763536240046307,5491.61052827502,10669.749058193878,1269.6031366700065,3463.08625
校准后,0.158,0.5354790231684409,0.7871806139745119,0.2932550633799523,0.4727554324869761,5512.575698979426,10756.998105577493,1261.0511607743479,3494.15115
校准后,0.159,0.5326737633061991,0.7846066921966225,0.29383551981943856,0.46989252358379874,5532.687250956984,10835.915746828383,1253.5925221622954,3500.0082
校准后,0.16,0.5297808390732623,0.7821583275786301,0.2945181192823204,0.46688881588210446,5550.803694925762,10910.507198308396,1246.0745566792932,3515.742
校准后,0.161,0.5271759549154665,0.780086634440329,0.29518945242902955,0.4641510614664977,5565.3838224015335,10970.392706935108,1239.0684052613062,3527.33375
校准后,0.162,0.524257983719474,0.7775127126624396,0.2958530409440543,0.4611473537648034,5583.887467707625,11049.060871670928,1231.499991759465,3535.72495
校准后,0.163,0.5209517845961177,0.7755037981040869,0.29696139237463337,0.4575178736252562,5604.223032652134,11133.76652263393,1221.7733482034248,3564.95105
校准后,0.164,0.5177958672510958,0.772867097746249,0.2977555265321917,0.4542325683265281,5623.635019758999,11215.446925548873,1212.8620001022912,3579.84455
校准后,0.165,0.5150657482780213,0.7704187331282566,0.2983855281073721,0.451432236667136,5641.886648011204,11293.10368106831,1205.0016735061727,3601.776
校准后,0.166,0.5120601127113338,0.7677820327704188,0.29910976325572297,0.4483346630997638,5662.639052776533,11378.372771585406,1196.7566250513448,3617.78475
校准后,0.167,0.5092172824045085,0.7657731182120661,0.2999926219227269,0.4452840224652305,5682.383402405451,11463.438020243124,1188.4422765237894,3637.18465
校准后,0.168,0.5062366938008767,0.7635130893339193,0.30086831754199345,0.442123871654073,5702.9305079899905,11553.666567097243,1179.9703445529944,3658.87155
校准后,0.169,0.5035691922354415,0.7612530604557725,0.30156677443422036,0.4393548286165736,5718.351902556182,11625.123095809766,1170.754274439641,3661.71885
校准后,0.17,0.5008891671884784,0.7588046958377801,0.30220522052205223,0.4366170742009668,5735.485223612219,11699.737929114857,1162.9552204872673,3673.7916
校准后,0.171,0.49820914214151535,0.7557285454203025,0.30259916545171184,0.4340357628948233,5752.997166793866,11785.523528272379,1153.8259584035281,3681.31955
校准后,0.17200000000000001,0.49507827175954916,0.7524640592629794,0.3031974096934129,0.4309381893274511,5772.0902840376,11871.652186759615,1143.352559092798,3686.0024
校准后,0.17300000000000001,0.4922604884157796,0.7499529160650386,0.3039153331467678,0.42804399180238106,5788.356559204775,11950.065635409886,1133.3371622944478,3702.89
校准后,0.17400000000000002,0.4894552285535379,0.7472534371272522,0.3045569685029297,0.42521237152109637,5804.125082031626,12028.625282875955,1122.8520898440809,3705.45075
校准后,0.17500000000000002,0.4866499686912962,0.7443656224496202,0.3051287989912247,0.42242768417265064,5821.184820818307,12110.625308232948,1113.2528184389657,3712.68635
校准后,0.176,0.4838321853475266,0.7416033649318853,0.3057669410363928,0.4195960638913659,5836.805794075015,12188.029838968985,1103.056367963338,3724.73325
校准后,0.177,0.48080150281778333,0.7394688932136355,0.30680871014794747,0.41634204721453044,5854.409661868486,12270.108218381705,1092.4969170226375,3751.82665
校准后,0.178,0.47803381340012524,0.736518299956055,0.3073537502292316,0.41361993710987,5868.312595447708,12346.075982783546,1080.7567870579326,3749.1054
校准后,0.179,0.47519098309329993,0.7336932638583715,0.30800653594771243,0.41077267251763894,5886.4721544263575,12434.191073170461,1070.1965233069197,3758.4121
校准后,0.18,0.4723231058234189,0.7316843493000188,0.3090282381015511,0.4076907432612131,5898.72013270901,12503.851480523284,1057.2995330363622,3782.1811
校准后,0.181,0.46946775203506574,0.7285454203025927,0.3095739856483581,0.40490605591276735,5911.376352466871,12576.579322737392,1044.9143072716333,3778.09285
校准后,0.182,0.46667501565435193,0.7259087199447548,0.3102994847574066,0.4020744356314826,5928.182864102525,12662.28261926745,1033.2412467997278,3786.15925
校准后,0.183,0.46408265497808393,0.7235231339067111,0.31100736702917126,0.3994305470815538,5941.892134383896,12737.050152389453,1022.3336752148134,3793.55195
校准后,0.184,0.4615278647463995,0.7212003264486158,0.311724961332863,0.39681794715351765,5952.651969178215,12800.631254378613,1011.7155066267162,3793.2742
校准后,0.185,0.45858484658735127,0.7179358402912926,0.31230542356218255,0.3939550382503403,5967.110117555876,12883.402159502157,997.4425797377093,3791.62005
校准后,0.186,0.4555917345021916,0.7152991399334547,0.31320267187113443,0.39087310899391436,5981.725921786899,12967.24008536078,984.3536642279475,3806.68945
校准后,0.187,0.45317470256731374,0.7128507753154624,0.31379539048250704,0.3884638851081804,5994.600216655166,13036.52829407333,973.3870907656964,3820.81635
校准后,0.188,0.45038196618659987,0.7095235105781907,0.3142674415371354,0.38580435224730525,6007.825867655115,13119.619031471255,959.382818407492,3813.9231
校准后,0.189,0.4477520350657483,0.7069495888003013,0.3149665762313652,0.38316046369737644,6018.952690956502,13194.190825576461,945.2736381844644,3820.51185
校准后,0.19,0.4449843456480902,0.7043756670224119,0.31577169875042216,0.38034448772703805,6031.874596001606,13274.510565369004,931.4702859373461,3836.75845
校准后,0.191,0.44232936756418284,0.7022411953041622,0.3167044167610419,0.3775598003785923,6044.969584407103,13356.935175951674,918.2134148835249,3860.3666
校准后,0.192,0.4395992485911083,0.6991022663067361,0.3172468805196285,0.3749315561396098,6057.087153144723,13436.596891771358,904.0121653008889,3857.95585
校准后,0.193,0.4372698810269255,0.6970933517483835,0.3180203917974568,0.3725223322538759,6067.603839224583,13502.959837490189,892.2669634362753,3872.48145
校准后,0.194,0.4344520976831559,0.6945194299704941,0.3189011559194027,0.3696437790397522,6078.1901555927025,13583.922781231993,876.1207331004333,3884.30435
校准后,0.195,0.43212273011897306,0.6920082867725532,0.3194609476887408,0.3673597096415888,6087.795325611423,13653.2717500301,863.6412544678137,3889.1943
校准后,0.196,0.4297432686286788,0.6894343649946638,0.3200349701296809,0.3650287073105865,6095.640439990087,13713.407522053385,851.1795563338981,3894.85925
校准后,0.197,0.42711333750782715,0.6875510075962081,0.321125934613693,0.3622127313402481,6106.971755529402,13798.695357879727,836.7641497259104,3916.2517
校准后,0.198,0.4243581715716969,0.6850398643982674,0.3220303969307953,0.3593967553699097,6116.004791629605,13869.215807561466,820.8003258028606,3925.3781
校准后,0.199,0.42172824045084534,0.6820892711406868,0.3226429101707498,0.35684673268565886,6125.779173023146,13938.868341372809,806.4793812899477,3933.8513
校准后,0.2,0.41947401377582966,0.6799547994224371,0.3233616957754889,0.3545626632874955,6135.329328144321,14003.341467111515,793.5221972086715,3946.90225
校准后,0.201,0.4168440826549781,0.6775064348044447,0.3242301336938561,0.35188748611567405,6143.777463327873,14076.955091983062,777.7501357312119,3960.6515
校准后,0.202,0.41391358797745775,0.6749325130265553,0.3252851653505189,0.3488681341030334,6154.440878760422,14158.746492138993,761.2689023606767,3976.48665
校准后,0.203,0.41113337507827175,0.6722958126687174,0.3262054890493162,0.346052158132695,6161.611082589408,14226.886892200082,744.3604016786466,3984.86025
校准后,0.20400000000000001,0.40865372573575454,0.6702868981103648,0.32720419233244463,0.3434552025156052,6171.106572412021,14301.854784449493,730.2810875064827,4004.2218
校准后,0.20500000000000002,0.4062492172824045,0.6673990834327328,0.3277228027990998,0.34117113311744185,6179.565973865761,14372.145518076333,715.984514002089,3999.53945
校准后,0.20600000000000002,0.40374452097683156,0.6647623830748949,0.3284531157914327,0.33869933198792257,6188.106685883665,14444.701769249243,700.1254461464395,4011.3981
校准后,0.20700000000000002,0.40132748904195364,0.6616862326574173,0.3289022030830681,0.3364465512116519,6194.512586312047,14515.7564970796,683.201999528287,4002.7275
校准后,0.20800000000000002,0.3988353162179086,0.6590495322995794,0.3296385844820548,0.333990394393079,6202.826479261693,14594.570089489007,665.5041322735135,4008.1206
校准后,0.209,0.3963681903569192,0.6562872747818445,0.3303001579778831,0.33159681481829134,6210.32531710082,14667.182670122153,648.9060524964609,4018.68405
校准后,0.21,0.3937257357545398,0.6535250172641095,0.33111740195298833,0.32898421489025514,6220.299453852164,14758.837718419143,629.6976233345574,4030.3454
校准后,0.211,0.391108328115216,0.6498838596270953,0.3314761447326289,0.32662192393736017,6226.309540306955,14832.2021649369,611.0099187948878,4022.08395
校准后,0.212,0.3884909204758923,0.6474982735890514,0.33248444602043775,0.3239467467655387,6232.350436306726,14904.372542511504,593.6771880003491,4035.14335
校准后,0.213,0.3862492172824045,0.644798794651265,0.33301990791777447,0.3218191204768386,6239.2934029964445,14974.092766963155,578.9108482544568,4043.70805
校准后,0.214,0.3840325610519724,0.6420993157134786,0.3335398662970814,0.31972278281003114,6244.3925314281405,15035.815248920375,562.4582727326422,4038.65125
校准后,0.215,0.3811396368190357,0.6394626153556406,0.3346914634947756,0.31676600804117583,6251.7873684501965,15117.65594329226,542.3246918582284,4052.3642
校准后,0.216,0.3791484032561052,0.6373909222173394,0.3353592072667217,0.31479482486193894,6257.811813050703,15181.543536372907,527.4712416739193,4063.65575
校准后,0.217,0.3765936130244208,0.6334986502605311,0.3355724784676266,0.3125733327075609,6264.0082287706055,15253.856820739627,510.53582822730874,4042.6226
校准后,0.218,0.3744270507201002,0.6311130642224873,0.3362432269717038,0.31046135072980713,6269.184740727687,15326.385937671936,493.12662792131937,4044.9851
校准后,0.219,0.371947401377583,0.6291669282440832,0.33744107744107743,0.30784875080177093,6276.120272469293,15405.03848388784,475.0530711974609,4061.6232
校准后,0.22,0.36944270507201,0.6267185636260908,0.33840677966101695,0.30533001673941274,6281.161318565621,15475.91668917873,456.7948393426667,4071.30415
校准后,0.221,0.36718847839699437,0.6246468704877896,0.3393587994542974,0.30303030303030304,6287.037948512029,15549.56694898238,439.2642904920855,4082.3253
校准后,0.222,0.36457107075767065,0.6222612844497457,0.3404898491978977,0.30035512585848156,6291.275609577839,15620.698816697133,419.475769343237,4100.6001
校准后,0.223,0.3621916092673763,0.6193106911921652,0.3411016216590021,0.2981179893931572,6294.608660363595,15682.655621927857,402.11827813538565,4101.44755
校准后,0.224,0.3597996242955542,0.617113440893967,0.3421510616080752,0.2956774768855306,6299.183732413491,15760.111170732838,381.21571956240456,4118.81075
校准后,0.225,0.35747025673137134,0.6147906334358717,0.3430843609865471,0.2933464745545282,6302.5716578941565,15826.58370558688,362.4801595047134,4118.56085
校准后,0.226,0.3552285535378835,0.6119028187582397,0.3436277102062401,0.2912657811986671,6305.760860114756,15887.173773871707,344.30591834755916,4116.8624
校准后,0.227,0.35293675641828426,0.6097683470399899,0.3446526151444184,0.2889347788676648,6309.627516814834,15952.592817750305,327.1153174920794,4127.1521
校准后,0.228,0.35048215403882277,0.6070688681022035,0.34552990781104836,0.28654119929287714,6311.494127875005,16023.405782477608,306.08690659294274,4137.1817
校准后,0.229,0.3482780212899186,0.6043066105844686,0.34613448399856167,0.28447615024796236,6315.231264502119,16097.503511080467,286.28780976846394,4137.66595
校准后,0.23,0.34602379461490296,0.6017954673865277,0.3469417300036193,0.2822859467154769,6318.492448994645,16167.99203985638,266.11818250072736,4137.92335
校准后,0.231,0.3436443331246086,0.5987193169690501,0.34755830903790086,0.28008009887204516,6323.634021010793,16247.848511344237,246.10095951613775,4121.081
校准后,0.232,0.34111458985598,0.59532927365183,0.3481533152213819,0.27776474085198916,6326.833426919285,16324.041819901877,222.8714559754338,4107.27085
校准后,0.233,0.338797745773325,0.5928809090338376,0.3490925220862751,0.2754806714538258,6331.571012905343,16404.473215839418,202.87909212903077,4114.83015
校准后,0.234,0.3365810895428929,0.5904953229957939,0.3499776752492931,0.27330611223228674,6333.7844403545405,16475.28814817993,182.9955370869882,4106.84605
校准后,0.23500000000000001,0.33436443331246085,0.5876702868981104,0.35061238248623544,0.2712410631873719,6335.076189047192,16542.5722276877,161.43420648567482,4113.17895
校准后,0.23600000000000002,0.332035065748278,0.5854102580199636,0.35171425338513185,0.26889441654542323,6337.683313708838,16610.42770117908,142.40260261263515,4132.2668
校准后,0.23700000000000002,0.3298685034439574,0.5826480005022286,0.3523538344722855,0.2668763004333474,6340.450944740178,16682.923209738507,122.37434202116762,4135.13895
校准后,0.23800000000000002,0.32747651847213527,0.5801996358842363,0.3534360778614861,0.2644983651695061,6340.934654581819,16744.10075077006,101.75120147234468,4143.88265
校准后,0.23900000000000002,0.32509705698184094,0.5771234854667587,0.35413536730998885,0.2622925173260744,6342.907362649858,16815.813974510176,80.58373466057759,4147.50455
校准后,0.24,0.32300563556668754,0.5747378994287149,0.3549550248138958,0.26027440121399853,6343.054559352694,16872.925788715555,61.314442623636836,4154.6683
校准后,0.241,0.32077645585472764,0.572101199070877,0.35578199422190987,0.2581467749252984,6343.898523567209,16939.264679281037,39.91965636113145,4154.6473
校准后,0.242,0.31859737006887917,0.5692761629731935,0.35644654088050315,0.25612865881322255,6343.4787559200095,17006.57533704115,17.669081094266122,4138.9001
校准后,0.243,0.3163681903569192,0.566200012555716,0.3570184466788061,0.25411054270114675,6343.065850476232,17070.89633564897,-3.948824352417379,4127.6238
校准后,0.244,0.31407639323731995,0.5632494192981354,0.35774951154352247,0.25198291641244663,6341.593176040001,17135.948602243236,-27.976637393864426,4126.4129
校准后,0.245,0.3117470256731371,0.5606127189402975,0.3587353874583216,0.2497301356361759,6341.839047606946,17203.291401333638,-50.62842553430193,4131.3512
校准后,0.246,0.30953036944270507,0.5575993471027685,0.3593623563683444,0.24771201952410007,6342.563951419844,17275.48650046517,-73.85224184112414,4134.31235
校准后,0.247,0.3074264245460238,0.5549626467449307,0.3601108033240997,0.24574083634486318,6341.865782098798,17337.26892076787,-95.7327999220293,4128.02755
校准后,0.248,0.3056856606136506,0.552953732186578,0.36085050596091606,0.2440668950736065,6339.912893959987,17388.000694148606,-115.82780045843361,4130.0057
校准后,0.249,0.3033813400125235,0.5496892460292548,0.3614447884416925,0.24200184602869165,6339.2130403346155,17455.15427243899,-139.5602474117507,4113.0298
校准后,0.25,0.30136505948653725,0.5470525456714169,0.3621176861702128,0.24014017302607907,6339.1329912292385,17520.895961469152,-160.79180964995115,4109.21785
校准后,0.251,0.29929868503443957,0.5449808525331157,0.36323695552115154,0.23807512398116426,6335.150032757876,17581.473574367257,-185.94635022353012,4112.7568
校准后,0.252,0.2972698810269255,0.5425324879151233,0.3640729662552134,0.23615087373476634,6333.715199917961,17643.562404180957,-206.95126622496838,4119.0051
校准后,0.253,0.29530369442705073,0.5402724590369766,0.36497031382527567,0.2342579121102611,6331.70273498274,17701.169983441923,-228.51438387390553,4117.40345
校准后,0.254,0.29309956167814655,0.5375729800991902,0.3658776277559392,0.23217721875439995,6330.700833947454,17767.086773144823,-251.69951695217117,4112.9217
校准后,0.255,0.2912335629304947,0.5353129512210434,0.36667383358417543,0.2304094116174653,6329.392378779186,17828.140701003693,-272.82866702771577,4108.6964
校准后,0.256,0.28932999373825924,0.5333040366626907,0.36770116435095007,0.2285320943039064,6326.8797530743905,17881.521184937345,-293.59016548169956,4109.3235
校准后,0.257,0.28703819661866,0.5306673363048527,0.368804537521815,0.22632624646047464,6324.555436513362,17949.88576501718,-318.51402956918093,4116.32245
校准后,0.258,0.28502191609267374,0.5283445288467575,0.369787776264335,0.22438635190313042,6320.866624677412,18006.911758834936,-342.3025476498452,4117.64395
校准后,0.259,0.28300563556668756,0.5263356142884048,0.37100628374192407,0.22236823579105458,6316.699764260068,18061.404035832864,-365.7836967905234,4127.11475
校准后,0.26,0.2808515967438948,0.5235105781907213,0.37184517970213143,0.22038140830087138,6313.57276456935,18131.315555951962,-391.06509114506616,4116.0066
校准后,0.261,0.27912335629304946,0.5218155565321112,0.37293610911701364,0.21864488978582938,6310.566667682435,18184.58107590431,-412.2115937927115,4123.6173
校准后,0.262,0.2770569818409518,0.5191788561742733,0.3738191022917326,0.2167206395394315,6306.326132628948,18233.753107197037,-434.44459935766935,4123.0322
校准后,0.263,0.2753036944270507,0.5170443844560236,0.37465314106354913,0.2150623425791211,6303.588670430485,18292.354972165554,-455.86793020139186,4126.6322
校准后,0.264,0.2731747025673137,0.5144076840981857,0.3756475496263696,0.21305987077799157,6299.588747222255,18357.092503929776,-482.0412029665189,4126.14035
校准后,0.265,0.2713963681903569,0.5115826480005022,0.3760324858105302,0.21154237261619813,6296.987200980744,18412.150279249054,-503.4879174824521,4111.74395
校准后,0.266,0.2692798998121478,0.5081926046832821,0.3764766068272719,0.20974327685737082,6293.442112053631,18477.82062956179,-528.3081238902591,4098.0804
校准后,0.267,0.26753913587977457,0.5063092472848264,0.3775218836305762,0.20803804696422146,6289.364730767695,18530.270510286973,-550.5750402622978,4106.1662
校准后,0.268,0.2656105197244834,0.503735325506937,0.37832995426469895,0.20627023982728682,6285.721639624541,18594.502409591587,-574.8627630856182,4100.92595
校准后,0.269,0.26349405134627424,0.500973067989202,0.37927756653992395,0.20431470095899626,6281.754929453723,18663.498185190267,-600.6726486186282,4101.73305
校准后,0.27,0.2615654351909831,0.4983991462113127,0.38011107919180315,0.20254689382206162,6275.929475786461,18725.406988876915,-626.6821341889499,4100.68365
校准后,0.271,0.25976205385097056,0.4957624458534748,0.38072509883328515,0.20095117410553653,6272.510835745026,18779.202755984705,-648.874533237718,4094.83865
校准后,0.272,0.2580087664370695,0.49306296691568835,0.38122512377439083,0.19943367594374306,6269.62264600282,18838.883696763867,-671.1797426227845,4087.52775
校准后,0.273,0.25618033813400126,0.4905518237177475,0.38199061400078216,0.19777537898343267,6265.089624993086,18897.015718303723,-695.2149255638466,4087.44935
校准后,0.274,0.2543393863494051,0.48747567330027,0.38234280368309614,0.1962422365106929,6261.266171927668,18961.003142922593,-720.1040085072976,4060.1104
校准后,0.275,0.2525109580463369,0.4849645301023291,0.38312751078708523,0.1945839395503825,6257.122837824616,19019.910855604958,-744.2249821911527,4047.77245
校准后,0.276,0.25082028804007517,0.48220227258459414,0.3835130816856401,0.193160307254267,6252.8054705050845,19073.702180393,-765.5323155116922,4029.01115
校准后,0.277,0.24939261114589856,0.48044447234603554,0.3843025007532389,0.19181489651288308,6249.625188629549,19120.99787643857,-784.2553508138071,4031.74185
校准后,0.278,0.24780212899185974,0.4784355577876828,0.38515186738767876,0.19032868697298228,6244.919729365617,19170.551092570044,-804.9822295498147,4033.6489
校准后,0.279,0.24619912335629304,0.47642664322933015,0.38603184292181697,0.18882683312213513,6239.25183274129,19219.53903446798,-827.335767580159,4031.7422
校准后,0.28,0.24423293675641827,0.47385272145144075,0.38703722695108195,0.18701209305236152,6233.3853580900795,19285.336410529657,-855.9015614012793,4028.3538
校准后,0.281,0.24225422667501564,0.4716554711532425,0.38838916459884204,0.1850878428059636,6227.696700123965,19348.74560071397,-882.3562081077322,4039.13785
校准后,0.28200000000000003,0.24056355666875393,0.46952099943499276,0.38934874277682335,0.18350776740038485,6221.800699212094,19400.684050708496,-906.4542609286386,4043.35855
校准后,0.28300000000000003,0.23894802755165936,0.46744930629669157,0.39025157232704405,0.1820059135495377,6216.144305372926,19455.6586183893,-929.2324442147799,4049.6749
校准后,0.28400000000000003,0.237407639323732,0.46531483457844186,0.39099013556997414,0.18061356987531485,6210.954804713907,19499.35476693908,-949.6383853024954,4046.57045
校准后,0.28500000000000003,0.23564182842830306,0.46242701990080987,0.3914753401360544,0.17912736033541402,6204.382570451177,19550.62229285823,-972.8606172573935,4030.1121
校准后,0.28600000000000003,0.23386349405134627,0.4599786552828175,0.39236371425511407,0.17751599630794263,6198.835608072716,19609.59032228872,-997.399568128906,4025.34725
校准后,0.28700000000000003,0.23233562930494678,0.45796974072446484,0.39321905993962913,0.17610800832277343,6193.643553784656,19656.622581190884,-1018.1253253752984,4021.1196
校准后,0.28800000000000003,0.2306574827802129,0.4559608261661121,0.3943424910413726,0.17451228860624834,6187.324553742813,19707.26066904658,-1041.353138592519,4021.68295
校准后,0.289,0.22895428929242329,0.45288467574863456,0.3945957772672574,0.17315123355391812,6180.557324753409,19761.56251682941,-1065.4166332196194,4003.2314
校准后,0.29,0.2276768941765811,0.4511896540900245,0.39532453245324534,0.1719779102329438,6174.319647688082,19805.81867948945,-1085.9603989176653,4004.7752
校准后,0.291,0.2258234189104571,0.4479879465126499,0.39574090505767523,0.1704604120711503,6167.294420561972,19860.209916887557,-1111.3749804187648,3987.27785
校准后,0.292,0.22399499060738887,0.44497457467512086,0.39628759923962875,0.16892726959841053,6157.707031986662,19917.003443711223,-1140.4030722021676,3974.6392
校准后,0.293,0.22225422667501565,0.44265176721702554,0.3973065870287936,0.16733154988188545,6150.859677846693,19983.72964490072,-1168.7569861238399,3966.853
校准后,0.294,0.2203506574827802,0.4400150668591876,0.3983518044899119,0.16561067567778978,6142.925233082935,20048.116602525435,-1197.1588606217924,3959.8428
校准后,0.295,0.2189355040701315,0.438131709460732,0.3992106166342524,0.16431219786924484,6136.143346861869,20092.218790509673,-1219.1565247065212,3950.46015
校准后,0.296,0.21747025673137133,0.43618557348232784,0.400115174200979,0.16296678712786095,6129.205306285434,20135.192652386777,-1240.3987491525932,3950.15025
校准后,0.297,0.21611772072636193,0.4345533304036663,0.40111259199165555,0.16168395363026236,6122.863941619357,20173.949842863887,-1260.9163281154224,3946.0427
校准后,0.298,0.21440200375704446,0.43216774436562244,0.40210280373831775,0.16013516684657625,6114.409133583227,20235.79096092838,-1288.873076641501,3945.08985
校准后,0.299,0.2127864746399499,0.4295310440077845,0.4026837737625802,0.15877411179424603,6105.949066526575,20287.827459471355,-1314.6627131893194,3927.16665
校准后,0.3,0.21118346900438323,0.4270826793897922,0.4034276226057048,0.15738176812002316,6099.379501579976,20340.288989030796,-1338.0838586732011,3910.78305
校准后,0.301,0.20996869129618034,0.425136543411388,0.403912680424669,0.15634924359756575,6092.898497315747,20383.33079691179,-1358.511585824628,3900.7464
校准后,0.302,0.20847839699436443,0.4230020716931383,0.4047576139845017,0.15501947716712816,6084.511564668777,20440.24185674422,-1384.999226533487,3899.72545
校准后,0.303,0.20695053224796495,0.4203653713353004,0.40520423600605143,0.15376793229142222,6075.5764542735715,20481.808777017963,-1409.2544220809941,3885.98875
校准后,0.304,0.20530995616781464,0.41816812103710216,0.4063071855556911,0.15226607844057508,6065.379155647072,20531.47015710259,-1437.4288960644346,3882.06815
校准后,0.305,0.2038697557921102,0.41622198505869795,0.4072731740278887,0.15095195632108382,6056.241257944294,20582.403269649338,-1463.4523612962398,3870.9071
校准后,0.306,0.20249217282404508,0.41408751334044824,0.407941121899932,0.14976298868916318,6048.268030938447,20630.871733442385,-1486.6604498185936,3867.25175
校准后,0.307,0.20113963681903568,0.41201582020214705,0.40862959965132933,0.14858966536818885,6040.434019232989,20672.902272675,-1509.2550839400028,3862.2159
校准后,0.308,0.1999624295554164,0.4101952413836399,0.4092190142168222,0.14757278515667777,6033.19226347413,20710.090849871016,-1529.5217027523242,3854.17255
校准后,0.309,0.19843456480901692,0.4078096553455961,0.40997159987377724,0.14625866303718651,6024.204853073164,20761.331560608356,-1556.100792632795,3838.67175
校准后,0.31,0.19696931747025673,0.4054868478875008,0.41066887080366227,0.14500711816148057,6016.021049684731,20816.312826022393,-1581.1605763862335,3829.4264
校准后,0.311,0.1955666875391359,0.40360349048904515,0.4116931352459016,0.14372428466388198,6007.150607595067,20853.79247250348,-1602.9488846806805,3827.6463
校准后,0.312,0.19401377582968066,0.40071567581141315,0.4120191066356829,0.14250402841006868,5996.826961943136,20897.739201752982,-1629.3607711572627,3811.10205
校准后,0.313,0.19252348152786475,0.3985812040931634,0.4129968125935081,0.1411742619796311,5987.270871199716,20943.694421219894,-1653.6324546021217,3805.61625
校准后,0.314,0.19117094552285535,0.39720007533429597,0.41447756305273503,0.1398288512382472,5977.3301879735145,20984.130456177732,-1677.3430361179444,3807.95425
校准后,0.315,0.18953036944270507,0.39525393935589176,0.41601691555438086,0.13826442014361479,5966.347977580776,21035.580319063494,-1706.431795078126,3811.58745
校准后,0.316,0.18807764558547277,0.39318224621759057,0.41703289386070047,0.13696594233506984,5955.310118599451,21087.272424244635,-1734.5593453044967,3808.8577
校准后,0.317,0.1865623043206011,0.39092221733944377,0.41800362489091764,0.13563617590463228,5943.520822807539,21136.392415823768,-1763.358979808847,3807.22175
校准后,0.318,0.1850093926111459,0.3889133027810911,0.41934610437961145,0.13419689929757045,5931.852146067852,21193.49932809894,-1793.2128732693427,3812.86655
校准后,0.319,0.18351909830933,0.3866532739029443,0.4202948000545926,0.1328984214890255,5921.441878744366,21245.183713105675,-1820.7110183747977,3805.06295
校准后,0.32,0.18221665623043207,0.3848954736643857,0.4213745704467354,0.13170945385710486,5911.875197557297,21281.769584006786,-1843.2033873256662,3801.2424
校准后,0.321,0.18080150281778334,0.3826982233661875,0.42224838955461663,0.13048919760329156,5900.483656636484,21334.546374151683,-1871.4324049751342,3786.91595
校准后,0.322,0.17952410770194113,0.3808148659677318,0.42316009766306245,0.1293628072151562,5890.784945855029,21374.57504967266,-1894.9446148960135,3785.4084
校准后,0.323,0.17795867251095804,0.3781153870299454,0.4238564391273751,0.1280799737175576,5878.122240001604,21423.92114776111,-1924.0686148297302,3768.1205
校准后,0.324,0.17631809643080776,0.37572980099190156,0.4251012145748988,0.12662505279954944,5864.642635902529,21475.858414136273,-1954.342060844917,3777.45515
校准后,0.325,0.1746399499060739,0.3729675434741666,0.42603083542488346,0.12521706481438025,5849.97273746295,21530.74976351434,-1987.4251850630126,3767.88485
校准后,0.326,0.17321227301189732,0.3708958503358654,0.4271563878244523,0.12394987562772798,5837.584660495679,21571.64494485389,-2014.5607444707882,3765.93875
校准后,0.327,0.17192235441452725,0.36869860003766713,0.4278117715617716,0.12288606248337793,5826.757995062959,21611.102739276157,-2039.02990809736,3749.199
校准后,0.328,0.17056981840951785,0.3661246782597778,0.4281938325991189,0.12183789364997419,5816.63207768197,21654.57781321032,-2062.867368720624,3740.184
校准后,0.329,0.16929242329367564,0.3639274279615795,0.4288356265719781,0.12078972481657045,5806.906892342681,21695.60194634075,-2086.3171072666037,3725.2854
校准后,0.33,0.16804007514088917,0.3616673990834327,0.4293486361603816,0.1197884889160057,5796.723477295359,21733.678648004276,-2109.733088661011,3709.17405
校准后,0.331,0.16659987476518473,0.35934459162533744,0.4302788844621514,0.1185682326621924,5784.6338433962865,21783.07429995774,-2138.0041314060563,3696.406
校准后,0.332,0.16530995616781466,0.35733567706698477,0.4312121212121212,0.11745748658500337,5773.6744017857145,21815.059795175486,-2161.00037154051,3691.09435
校准后,0.333,0.1641577958672511,0.3552639839286835,0.43172108635947515,0.11653447223917023,5763.866134989629,21850.61713244614,-2182.7254098775647,3678.07645
校准后,0.334,0.16279273638071384,0.35363174085002197,0.43334102623278714,0.11523599443062531,5750.768855311745,21900.416834129985,-2212.2152305930354,3682.9009
校准后,0.335,0.16151534126487163,0.350869483332287,0.4333565945568737,0.11432862439573849,5738.939460834575,21946.234332027136,-2238.8868722242305,3648.25275
校准后,0.336,0.16020037570444584,0.34892334735388286,0.434490306441526,0.11317094538571049,5726.82487281969,21992.13701003797,-2265.663735846422,3643.2105
校准后,0.337,0.15906073888541014,0.3473538828551698,0.43563498937091566,0.11213842086325308,5716.131205351564,22025.757423598265,-2288.284087731174,3641.69005
校准后,0.338,0.15777082028804007,0.344968296817126,0.43618034608668044,0.111121540651742,5703.502169591391,22063.340495455,-2315.084329181711,3629.11375
校准后,0.339,0.15636819035691923,0.34270826793897924,0.43720967483581613,0.10993257301982134,5690.806043458122,22109.165407720644,-2344.0607660977116,3623.1878
校准后,0.34,0.1551659361302442,0.34088768912047207,0.43825665859564167,0.10888440418641761,5678.965451272913,22145.640055692016,-2368.247771656113,3620.0576
校准后,0.341,0.15360050093926111,0.337748760123046,0.4386465552384835,0.10771108086544329,5663.5718065846695,22201.704462606172,-2402.7625031284406,3593.0379
校准后,0.342,0.15221039448966814,0.3356142884047963,0.4398551917064341,0.1065064689225763,5649.833606173594,22248.966882086377,-2432.231246616816,3582.7871
校准后,0.343,0.15125860989355042,0.3337937095862892,0.4402218910415632,0.10577118630809906,5640.707925085936,22280.577900480865,-2451.666639432159,3565.99945
校准后,0.34400000000000003,0.15013149655604258,0.3313453449682968,0.4402736069402736,0.10497332644983652,5628.116271759234,22314.310523535158,-2476.836192587093,3540.9305
校准后,0.34500000000000003,0.14882905447714465,0.32933643040994415,0.4414338606529788,0.10384693606170116,5617.3737782162,22356.604711134118,-2501.6677241921134,3536.82475
校准后,0.34600000000000003,0.14766437069505323,0.3272019586916944,0.4420320583495887,0.10292392171586802,5605.662336995501,22386.405022673807,-2524.6115017822153,3526.18675
校准后,0.34700000000000003,0.14641202254226676,0.3250674869734447,0.4429047985629972,0.10189139719341062,5592.028277547778,22421.24246150253,-2550.7649432367584,3514.78665
校准后,0.34800000000000003,0.14539762053850971,0.32356080105468016,0.4439276485788114,0.10099967146947013,5580.987498594242,22463.03590893372,-2574.272027362107,3519.43835
校准后,0.34900000000000003,0.1442329367564183,0.32123799359658484,0.44429973083268215,0.10012359005647596,5567.982188314749,22493.487658129237,-2598.972267812771,3491.1295
校准后,0.35000000000000003,0.14310582341891045,0.3197313076778203,0.4456987835827426,0.09909106553401856,5555.119264558051,22528.52442077678,-2624.2491635771976,3489.9835
校准后,0.35100000000000003,0.1419912335629305,0.3179107288593132,0.4466396189804198,0.0981524068772391,5542.43963181558,22569.321985578386,-2649.6905879427263,3471.12305
校准后,0.352,0.14093926111458985,0.31596459288090906,0.44721876666074284,0.0973232583970839,5531.614603297733,22601.624446052636,-2671.546975537194,3456.26365
校准后,0.353,0.1397871008140263,0.3141440140624019,0.4483067550618169,0.09633766680746547,5518.9867201627,22638.641912226856,-2697.180244220318,3449.68115
校准后,0.354,0.13859737006887915,0.3123234352438948,0.4495346525707057,0.09530514228500805,5505.093952216975,22680.96511182167,-2724.588113943771,3443.8027
校准后,0.355,0.13738259236067626,0.31006340636574803,0.4502278942570647,0.09435083931728228,5490.880898541925,22718.865923400033,-2752.0988126531365,3421.1131
校准后,0.356,0.13653099561678148,0.3085567204469835,0.45083470922766467,0.093662489635644,5480.938674315722,22743.851596621334,-2771.3625862550666,3409.163
校准后,0.357,0.1354539762053851,0.30673614162847634,0.45173816568047337,0.09277076391170351,5468.391828006603,22775.64762222003,-2795.5861645885752,3395.63575
校准后,0.358,0.1342141515341265,0.3047900056500722,0.4530185686292806,0.09170695076735345,5452.665908604076,22815.83975373816,-2826.062730748315,3383.8354
校准后,0.359,0.1330745147150908,0.3030322054115136,0.45426312817617165,0.09072135917773502,5438.672159580089,22853.896704083007,-2853.27953010267,3384.5624
校准后,0.36,0.13201001878522228,0.30114884801305797,0.45508016317237454,0.08986092207568717,5425.176861111402,22885.89940542964,-2878.3127695898384,3374.6428
校准后,0.361,0.1309455228553538,0.2990771548747567,0.45562356541698545,0.08904741790647831,5412.392719433316,22919.741117287176,-2902.8905262069493,3354.9586
校准后,0.362,0.1297683155917345,0.29669156883671294,0.45608955800038603,0.08817133649348415,5398.100071118609,22958.970900293174,-2930.714749834853,3333.39885
校准后,0.363,0.12865372573575454,0.2943687613786176,0.45643920957850675,0.08735783232427528,5385.2278361878825,22994.690999932165,-2955.8703824906543,3311.9804
校准后,0.364,0.1275641828428303,0.29267373972000754,0.4576870214019242,0.08641917366749581,5371.08700869998,23033.534210947346,-2982.42428272714,3303.991
校准后,0.365,0.1262867877269881,0.2907276037416034,0.4592423641412138,0.08530842759030678,5353.264414254181,23073.48739930962,-3014.2170609980717,3296.8944
校准后,0.366,0.12548528490920477,0.28903258208299326,0.4594810379241517,0.08472958808529278,5344.290938366802,23099.71080262472,-3032.045510941684,3279.5267
校准后,0.367,0.12438321853475266,0.28714922468453763,0.4605316149818768,0.08382221805040597,5330.694817738127,23127.667779440457,-3056.6879534569675,3269.56665
校准后,0.368,0.12346900438321853,0.2848891958063909,0.4602900902728471,0.08324337854539197,5318.567201815246,23160.069702371944,-3079.3680273600826,3240.33905
校准后,0.369,0.12242955541640577,0.28319417414778075,0.46143617021276595,0.08236729713239781,5304.611703279513,23195.108067518468,-3105.570909045613,3233.6692
校准后,0.37,0.12115216030056356,0.2808713666896855,0.46247674178209636,0.08135041692088672,5287.266574156557,23232.41419520639,-3136.6232800015932,3218.5541
校准后,0.371,0.12013775829680651,0.2791135664511269,0.46346294172834357,0.08052126844073153,5274.445141286453,23263.894229782705,-3161.0073397186134,3208.18115
校准后,0.372,0.11902316844082655,0.27697909473287713,0.4642255892255892,0.0796608313386837,5258.1458622020455,23305.44595479325,-3190.610657108539,3186.44355
校准后,0.373,0.11810895428929243,0.2753468516542156,0.46506202947725583,0.07892554872420644,5244.023004232776,23333.223793346424,-3214.5852330260154,3176.197
校准后,0.374,0.11714464621164684,0.273714608575554,0.46611075475732305,0.0781276888659439,5230.532263976367,23363.59372915633,-3239.5220867487715,3168.67855
校准后,0.375,0.11623043206011271,0.27176847259714987,0.466436806378623,0.07747062780619828,5216.944234257706,23390.806300306296,-3263.993007367402,3151.29875
校准后,0.376,0.11529117094552285,0.2700734509385398,0.4673039322181186,0.0767197008807747,5203.098731157649,23423.18917401568,-3289.0658232641963,3131.69005
校准后,0.377,0.11433938634940513,0.2686295435997238,0.4686746987951807,0.07589055240061951,5189.844171450112,23455.26471070148,-3313.2010453879243,3122.2786
校准后,0.378,0.1135378835316218,0.2674995291606504,0.4699977939554379,0.07517091409708859,5176.905733151493,23476.286084279138,-3335.12262684398,3115.6667
校准后,0.379,0.11262366938008767,0.2658045075020403,0.4708106304903814,0.07445127579355768,5162.812022633618,23513.55730082247,-3360.4169398699805,3102.5063
校准后,0.38,0.11184721352536005,0.2642350430033273,0.4712798118911656,0.07387243628854367,5151.673805625147,23535.648830046972,-3379.673892530048,3083.66975
校准后,0.381,0.11100814026299312,0.26304224998430537,0.4726985559566787,0.0731215093631201,5140.429641748311,23562.971777341987,-3400.308510907832,3086.9549
校准后,0.382,0.10999373825923607,0.26153556406554085,0.4743254013435045,0.07222978363917962,5126.847645061632,23590.240588227934,-3424.001543104328,3081.47895
校准后,0.383,0.10892924232936757,0.2594638709272396,0.4751667049896528,0.07141627946997074,5111.091745979257,23626.389135132133,-3451.8022083852334,3064.90685
校准后,0.384,0.10807764558547277,0.257706070688681,0.4756662804171495,0.07079050703211777,5097.459238138972,23658.586551960325,-3475.8178443166794,3042.7223
校准后,0.385,0.1071383844708829,0.2555715989704313,0.47586206896551725,0.07014909028331848,5084.168145684223,23687.210188497866,-3498.9684267204957,3026.28235
校准后,0.386,0.10614902943018159,0.25343712725218154,0.4762859839546956,0.06944509629073388,5069.472419579155,23716.880645640336,-3524.1483882556736,3008.49935
校准后,0.387,0.10519724483406387,0.25174210559357146,0.4773809523809524,0.06867852505436398,5055.714146551575,23748.150730756606,-3548.6181598099565,2996.44625
校准后,0.388,0.10430807764558547,0.24992152677506435,0.4779685436426942,0.06802146399461835,5041.784664615367,23777.2899394928,-3572.9360009500324,2978.94905
校准后,0.389,0.1034815278647464,0.2482892836964028,0.47863971923030374,0.06739569155676538,5028.552477400502,23804.392252806418,-3595.764855706942,2962.7038
校准后,0.39,0.10269254852849093,0.24697093351748384,0.4797560975609756,0.06673863049701975,5015.823131050686,23829.446365312528,-3617.6381769925542,2961.27955
校准后,0.391,0.10182842830306825,0.24552702617866784,0.4809986471528717,0.06601899219348883,5001.2480518443,23861.128079047114,-3642.8102061766663,2953.9916
校准后,0.392,0.10108954289292424,0.24364366878021218,0.4807978196233895,0.06556530717604543,4989.099064610201,23883.676632580202,-3662.98633003603,2931.93095
校准后,0.393,0.1002504696305573,0.241571975641911,0.4806995627732667,0.0650334006038704,4975.205960909859,23909.633091000545,-3686.2694053358687,2907.8355
校准后,0.394,0.09939887288666249,0.23975139682340385,0.48116416782159505,0.06442327247696375,4962.121865152949,23936.79671245119,-3708.4639309283407,2890.3945
校准后,0.395,0.09849718221665624,0.23830748948458785,0.4826446280991736,0.06365670124059386,4948.223883486376,23964.550274755533,-3731.931712305522,2878.55855
校准后,0.396,0.09774577332498434,0.23673802498587482,0.48315182575272264,0.0631091503574725,4937.255063535386,23985.707553081756,-3750.507179153102,2866.0767
校准后,0.397,0.09680651221039449,0.23504300332726474,0.48434670116429496,0.062358223432048936,4923.161676309204,24014.954344425758,-3775.2665477848736,2857.2751
校准后,0.398,0.09585472761427677,0.23309686734886056,0.48510582701855237,0.06165422943946434,4906.382726199951,24042.415371164512,-3802.96827738225,2835.2408
校准后,0.399,0.094815278647464,0.23159018143009605,0.48725399550917975,0.0607312150936312,4888.976014234568,24077.074772026448,-3833.3474904421987,2835.90675
校准后,0.4,0.09405134627426424,0.23020905267122857,0.48828229027962716,0.06012108696672455,4876.106512708093,24104.337160204726,-3855.580439741762,2826.2396
校准后,0.401,0.0933249843456481,0.22863958817251553,0.4887278582930757,0.05960482470549584,4862.771962219265,24124.489554115393,-3877.352224679932,2816.0139
校准后,0.402,0.0926111458985598,0.2276351308933392,0.49033130493576743,0.058963407956696544,4849.709389350881,24148.498332000712,-3899.000161089918,2818.8477
校准后,0.403,0.09169693174702567,0.22556343775503798,0.49071291996722205,0.05833763551884357,4832.314772395381,24184.303021814667,-3928.8578427374164,2794.0397
校准后,0.404,0.09104571070757671,0.22411953041622198,0.49105914718019256,0.05788395050140017,4818.967489391786,24210.762614858748,-3950.8447048015737,2778.5332
校准后,0.405,0.09028177833437696,0.2227384016573545,0.4921625745595783,0.057273822374493515,4804.141005759664,24240.82191816474,-3975.6169429474817,2765.81785
校准后,0.406,0.08948027551659361,0.2212944943185385,0.4933519944016795,0.056632405625694215,4790.398287467833,24265.198814842908,-3997.8403681350833,2752.3755
校准后,0.40700000000000003,0.08867877269881026,0.22010170129951662,0.4951278068069482,0.05592841163310962,4777.151750358499,24286.356247500808,-4019.529269091918,2753.49225
校准后,0.40800000000000003,0.08797745773324984,0.21840667964090651,0.49523131672597864,0.055474726615666214,4766.309942094879,24302.44912876565,-4036.9544487988414,2734.98645
校准后,0.40900000000000003,0.08706324358171572,0.21671165798229644,0.4965477560414269,0.05475508831213529,4748.572870162893,24332.76806443989,-4065.92703928205,2721.49215
校准后,0.41000000000000003,0.0862867877269881,0.21539330780337748,0.4979680696661829,0.05411367156333599,4732.471764817993,24354.96895652747,-4091.2788188261165,2712.38605
校准后,0.41100000000000003,0.085648090169067,0.21413773620440707,0.4987571282351221,0.053628697923999935,4720.841661583486,24373.66922493967,-4110.058547397523,2702.8006
校准后,0.41200000000000003,0.0847964934251722,0.21194048590620881,0.49859695761335104,0.05311243566277123,4705.810607178722,24397.72949249179,-4134.297614038854,2679.1053
校准后,0.41300000000000003,0.0839448966812774,0.2104337999874443,0.5000745934656124,0.05242408598113296,4687.956468243653,24428.078721847724,-4162.912726885305,2667.5386
校准后,0.41400000000000003,0.0833061991233563,0.20892711406867975,0.5003006614552015,0.052001689585582205,4673.908107396035,24450.344980341928,-4184.617789606376,2648.5213
校准后,0.41500000000000004,0.08235441452723857,0.20685542093037856,0.5010644768856448,0.05132898421489025,4656.895238977024,24481.60776936414,-4213.140858787708,2626.8827
校准后,0.41600000000000004,0.08179085785848465,0.2058509636512022,0.5020670647680294,0.05087529919744685,4645.564278499368,24499.164818116267,-4231.075962752877,2618.4313
校准后,0.417,0.0810644959298685,0.20415594199259213,0.5023945620268809,0.05039032555811079,4631.997407703589,24523.47022165227,-4253.456927579765,2598.88705
校准后,0.418,0.08015028177833437,0.20246092033398205,0.50390625,0.04967068725457987,4614.894375042716,24546.715039020233,-4280.142073833064,2589.32305
校准后,0.419,0.07939887288666249,0.2006403415154749,0.5041009463722398,0.04918571361524381,4598.824666868702,24571.23785308879,-4304.631114287209,2564.0497
校准后,0.42,0.07878522229179712,0.1991336555967104,0.5042123668733111,0.04879460584158571,4586.788124832902,24585.77789760096,-4322.801933825103,2548.69965
校准后,0.421,0.07807138384470882,0.19762696967794588,0.5049727301892846,0.048278343580357,4574.450343524454,24607.481416146686,-4342.722214091737,2542.8165
校准后,0.422,0.07734502191609267,0.1959319480193358,0.5053432642487047,0.04779336994102095,4559.965706408694,24629.355315285033,-4365.688158114573,2522.3879
校准后,0.423,0.07658108954289293,0.19436248352062277,0.5062959934587081,0.04723017474695327,4542.382472898916,24651.957946526185,-4392.055595488614,2502.6014
校准后,0.424,0.07576706324358172,0.19235356896227007,0.5064462809917355,0.04671391248572457,4525.794894217764,24674.67046230886,-4417.525831229975,2478.405
校准后,0.425,0.07512836568566061,0.1909724402034026,0.5070845140856809,0.04626022746828116,4512.5182213905555,24696.4894407454,-4438.404219714811,2460.5465
校准后,0.426,0.07451471509079524,0.18996798292422626,0.5085714285714286,0.045743965207052456,4500.56717200489,24719.173179816135,-4457.403698391852,2452.7849
校准后,0.427,0.07382592360676268,0.18846129700546174,0.509245122985581,0.0452589915677164,4486.683931415752,24740.156831173357,-4478.770155627024,2439.98225
校准后,0.428,0.07311208515967439,0.1868290539268002,0.5097636176772867,0.044774017928380344,4471.527168283952,24764.037854839222,-4502.205793572967,2420.62855
校准后,0.429,0.07247338760175329,0.18563626090777827,0.5109728702263695,0.04427339997809796,4458.586732263931,24784.664449853946,-4522.366605578738,2412.02605
校准后,0.43,0.07168440826549781,0.1842551321489108,0.5127533193570929,0.04363198322929866,4440.934783918237,24811.43475947803,-4549.206646065912,2400.8555
校准后,0.431,0.07088290544771446,0.1822462175905581,0.5128975265017668,0.04313136527901629,4423.1096425273,24834.733593986268,-4576.581991717175,2370.3325
校准后,0.432,0.07004383218534753,0.18061397451189654,0.5143929912390488,0.04248994853021699,4405.242659038195,24862.69962289414,-4604.407873856044,2359.00605
校准后,0.433,0.0695554164057608,0.17942118149287464,0.5145840835433921,0.0421770623112905,4394.883159040241,24879.641891687188,-4620.717321568493,2346.2859
校准后,0.434,0.06894176581089542,0.17804005273400716,0.5151680290644868,0.041754665915739744,4381.67837188581,24898.580537411402,-4640.791310768509,2334.20925
校准后,0.435,0.06819035691922354,0.17634503107539706,0.5158861340679523,0.041238403654511036,4365.686149087399,24916.789617766273,-4664.299374104431,2313.83395
校准后,0.436,0.06753913587977457,0.17483834515663255,0.5164101613202299,0.04080036294801395,4349.556201550196,24935.737375395984,-4687.9322925672295,2293.8862
校准后,0.437,0.06678772698810269,0.173206102077971,0.5173448340521283,0.040268456375838924,4332.772407824984,24958.760144423508,-4713.297509901077,2275.5056
校准后,0.438,0.06609893550407013,0.17138552325946388,0.5172413793103449,0.03986170429123449,4316.821766140778,24981.514752410763,-4737.178477215333,2252.44185
校准后,0.439,0.06548528490920476,0.1700043945005964,0.5178810480015299,0.039439307895683735,4301.765101336122,25002.750158388513,-4760.3248478692085,2242.32815
校准后,0.44,0.06487163431433939,0.16862326574172892,0.5185328185328185,0.03901691150013298,4287.873557732205,25026.959782611782,-4781.63351666802,2231.36015
校准后,0.441,0.0643331246086412,0.16749325130265552,0.5193692816819155,0.03862580372647487,4275.660136169023,25042.996388349806,-4799.649238681385,2221.28665
校准后,0.442,0.06370695053224797,0.1661749011237366,0.5203459799488893,0.03817211870903146,4261.968074915023,25060.130385160865,-4819.966064112048,2211.27815
校准后,0.443,0.06306825297432686,0.16466821520497207,0.5208498808578237,0.037749722313480706,4246.603016544674,25080.869297739595,-4843.097115016919,2191.2094
校准后,0.444,0.062467125860989355,0.16341264360600163,0.5218524458700882,0.03731168160698362,4232.882373183383,25100.825918778104,-4863.740271100641,2178.31335
校准后,0.445,0.06185347526612398,0.16190595768723712,0.5221704798542215,0.03692057383332551,4218.948854944648,25120.32761803476,-4884.9369974687215,2165.33655
校准后,0.446,0.061314965560425795,0.1609642789880093,0.5236928104575164,0.03648253312682843,4204.767537012888,25137.72314779256,-4905.822442537231,2160.5919
校准后,0.447,0.06073888541014402,0.1595203716491933,0.5239175257731958,0.03612271397506297,4189.338053126786,25156.027469982924,-4928.031897303767,2142.505
校准后,0.448,0.06022542266750157,0.1583903572101199,0.5246412975670618,0.03576289482329751,4177.524946079165,25166.086609763544,-4944.8964262927775,2134.06225
校准后,0.449,0.05971195992485911,0.15732312135099505,0.5255872483221476,0.035387431360585725,4165.663854735909,25180.98756335307,-4962.33081455649,2123.20925
校准后,0.45,0.058960551033187224,0.155753656852282,0.5269753610875106,0.03483988047746437,4147.749070739369,25202.122343827283,-4988.675715822438,2107.75965
校准后,0.451,0.05835942391984972,0.15430974951346602,0.5274678111587983,0.03444877270380626,4133.165104063255,25219.47449522766,-5010.1109317549835,2090.05665
校准后,0.452,0.05770820288040075,0.1528030635947015,0.5282118055555556,0.034010731997309175,4119.215423647431,25236.634872387767,-5030.788000604928,2075.86265
校准后,0.453,0.05714464621164684,0.15142193483583402,0.5285996055226825,0.033650912845543716,4105.862721333207,25255.092655194756,-5050.46417549703,2055.64155
校准后,0.454,0.05665623043206011,0.15060581329650324,0.5302829354553492,0.033244160760939286,4094.7063526145184,25264.95204248961,-5066.681463977695,2057.22465
校准后,0.455,0.056167814652473384,0.14953857743737836,0.5311036789297658,0.032899985920120146,4083.1422465173678,25277.019388945915,-5083.424244757886,2049.26055
校准后,0.456,0.05550407013149656,0.14771799861887125,0.5309115523465704,0.03252452245740836,4066.415491409257,25293.315319609846,-5107.554046498543,2025.7473
校准后,0.457,0.05492798998121478,0.1467763199196434,0.5330597355221158,0.032039548818072305,4051.863154339163,25309.118893918545,-5128.353560851455,2022.5363
校准后,0.458,0.054464621164683785,0.14602297696026115,0.5348355943895148,0.0316484410444142,4040.8340303779796,25321.010245710702,-5144.369977072381,2014.6178
校准后,0.459,0.05377582968065122,0.1444535124615481,0.5358639962738705,0.031179111716024468,4024.3473325283453,25342.268417573814,-5168.675253541657,1999.1641
校准后,0.46,0.053124608641202255,0.14326071944252622,0.5379537953795379,0.030662849454795763,4008.2470081603287,25357.684342233126,-5191.4909815678375,1992.3208
校准后,0.461,0.05267376330619912,0.14219348358340134,0.5385164051355207,0.0303656075468156,3996.584041730853,25371.584104804482,-5208.189430101882,1980.15405
校准后,0.462,0.05222291797119599,0.1415029192039676,0.5405275779376498,0.02997449977315749,3986.3236836742744,25383.167882004134,-5222.8228286751055,1978.11015
校准后,0.463,0.051584220413274894,0.14012179044510012,0.5418790968681719,0.029520814755714084,3969.965937070401,25402.276326479005,-5246.585676526283,1965.3473
校准后,0.464,0.05103318722604884,0.1388662188461297,0.5428220858895706,0.0291453512930023,3955.9313906032235,25418.102116157603,-5266.661535578646,1950.4175
校准后,0.465,0.0504445835942392,0.1374223115073137,0.5434458788480635,0.028769887830290514,3939.4911570967406,25437.590771446496,-5290.142277215395,1933.3057
校准后,0.466,0.04988102692548529,0.1362922970682403,0.5450665327642481,0.028347491434739757,3924.9566530073957,25453.518841713856,-5311.090662714004,1919.58275
校准后,0.467,0.04936756418284283,0.1353506183690125,0.5469304921359716,0.027940739350135323,3910.103107490497,25472.436402369927,-5332.751847369388,1912.72575
校准后,0.468,0.048804007514088914,0.13409504677004205,0.5481139337952271,0.027549631576477215,3894.971715362026,25486.38121952484,-5354.596542681043,1896.8184
校准后,0.46900000000000003,0.04815278647463995,0.13296503233096868,0.5508452535760728,0.027017725004302186,3877.2058410687255,25506.186183897174,-5379.828461368403,1889.89665
校准后,0.47000000000000003,0.047539135879774576,0.13127001067235858,0.5508429926238145,0.02667355016348305,3861.9971619394646,25519.924078496988,-5400.989438201709,1868.26455
校准后,0.47100000000000003,0.047063243581715715,0.12988888191349113,0.5505588078765301,0.02642324118834186,3850.665391702585,25533.694131341712,-5416.95816803746,1851.52855
校准后,0.47200000000000003,0.04668753913587977,0.12907276037416035,0.5515021459227468,0.026157287902254345,3840.907556285055,25543.307797972317,-5430.8943633900835,1842.8127
校准后,0.47300000000000003,0.04621164683782091,0.12762885303534435,0.5509485094850949,0.02592262323805948,3827.6354979668395,25554.729529141307,-5449.234675490623,1822.9416
校准后,0.47400000000000003,0.04567313713212273,0.12649883859627095,0.5525089114340553,0.02553151546440137,3812.4175243090945,25569.79557609284,-5470.783013144592,1813.8933
校准后,0.47500000000000003,0.0452222917971196,0.12561993847699165,0.554140127388535,0.025187340623582233,3799.2100848324435,25579.502880885902,-5489.112368973294,1806.5084
校准后,0.47600000000000003,0.04473387601753288,0.12423880971812418,0.5540313549832027,0.02492138733749472,3784.4814642389374,25590.452734242906,-5509.766260117871,1782.47095
校准后,0.47700000000000004,0.04429555416405761,0.12304601669910227,0.5541419281877297,0.02467107836235353,3772.1852664600715,25599.013489894547,-5526.479330570645,1768.85595
校准后,0.47800000000000004,0.0436944270507201,0.12153933078033775,0.5548867870449986,0.024295614899641747,3753.385057375864,25614.188176949367,-5552.141137227811,1749.96515
校准后,0.47900000000000004,0.04331872260488416,0.12059765208110992,0.555362821624747,0.02406095023544688,3743.191971016197,25622.934076064736,-5566.12280028267,1741.86835
校准后,0.48,0.04290544771446462,0.11940485906208802,0.5551663747810858,0.02384192988219834,3732.51389571299,25631.727269522096,-5580.93278956583,1725.95595
校准后,0.481,0.04252974326862868,0.11802373030322054,0.5535924617196702,0.023716775394627743,3721.887225771909,25639.84967609051,-5595.557871374211,1701.93445
校准后,0.482,0.04212899185973701,0.11727038734383828,0.5552913198573127,0.023403889175701256,3710.5945293274685,25649.76892561987,-5611.200406293989,1697.9797
校准后,0.483,0.04171571696931747,0.11632870864461047,0.5562894025818073,0.02312229157866742,3697.752834536908,25662.90952802353,-5629.028696559029,1689.10845
校准后,0.484,0.041277395115842205,0.11519869420553706,0.5567354368932039,0.0228563382925799,3685.4407026290046,25674.37992197374,-5646.162679124376,1675.6563
校准后,0.485,0.04087664370695053,0.11419423692636073,0.5572916666666666,0.022606029317438714,3673.353821853039,25684.67357668109,-5662.919689230318,1664.76525
校准后,0.486,0.04038822792736381,0.11312700106723586,0.5587596899224806,0.022261854476619578,3659.401939941707,25695.900493594938,-5681.811684324892,1653.8213
校准后,0.487,0.03997495303694427,0.11212254378805951,0.5595238095238095,0.021995901190532064,3647.7949200798025,25706.669529644914,-5697.7657013348025,1640.49
校准后,0.488,0.039649342517219785,0.11136920082867725,0.560328490208465,0.021776880837283522,3637.6216386866704,25713.552100932156,-5711.610409415908,1631.3862
校准后,0.489,0.03927363807138384,0.1103647435495009,0.5605867346938775,0.02155786048403498,3626.2104578239046,25721.943631022736,-5727.329991769386,1617.62195
校准后,0.49,0.038822792736380715,0.10929750769037605,0.5616129032258065,0.021260618576054817,3612.331543449834,25731.91982114956,-5746.279976920746,1607.3081
校准后,0.491,0.03833437695679399,0.10810471467135413,0.5625612544919961,0.02094773235712833,3599.0115405425654,25743.877677453525,-5764.595889251748,1596.7566
校准后,0.492,0.037908578584846586,0.10735137171197187,0.5649157581764123,0.020603557516309195,3586.262945443303,25753.09815002939,-5781.9757941422,1592.5739
校准后,0.493,0.037482780212899185,0.10634691443279554,0.5659873037086536,0.020321959919275354,3573.603591283605,25764.221114998443,-5799.20123361302,1581.3455
校准后,0.494,0.03703193487789606,0.10515412141377362,0.566452485627325,0.02005600663318784,3560.026052887322,25775.162848676013,-5817.580105052942,1559.6788
校准后,0.495,0.036468378209142144,0.10402410697470023,0.5690247252747253,0.019633610237637083,3542.8827337395846,25786.446624220545,-5840.548392804411,1549.31295
校准后,0.496,0.0360926737633062,0.10345909975516354,0.5718251214434421,0.01930507970776427,3531.4069132612376,25796.28550533819,-5856.178582050529,1548.76645
校准后,0.497,0.03557921102066375,0.10207797099629606,0.5723336853220697,0.01900783779978411,3516.1172122462867,25811.090571257,-5876.8847657581955,1528.30055
校准后,0.498,0.03512836568566061,0.10082239939732564,0.5725490196078431,0.01875752882464292,3502.648006821835,25823.28247386627,-5895.252764349882,1509.9385
校准后,0.499,0.0347777082028804,0.10000627785799485,0.5736406193734246,0.018522864160448054,3490.9265099640893,25834.13322342806,-5911.232044161308,1495.94025
校准后,0.5,0.0343143393863494,0.0986879276790759,0.5737226277372263,0.018272555185306863,3475.632821800701,25844.087031542156,-5931.548588760146,1473.4275
校准后,0.501,0.033976205385097054,0.09780902755979659,0.5742720235901216,0.018069179143004648,3464.5222441653154,25852.029453581792,-5946.480585231903,1461.14695
校准后,0.502,0.033525360050093926,0.09649067738087765,0.5741501680986179,0.01783451447880978,3450.2121423673675,25861.869817157534,-5965.680473306862,1441.3742
校准后,0.503,0.03306199123356293,0.09536066294180426,0.5753787878787879,0.01753727257082962,3435.164103528221,25871.21779757419,-5985.807226384215,1428.4668
校准后,0.504,0.03259862241703194,0.09423064850273087,0.5766423357664233,0.017240030662849456,3419.637053333193,25882.02647000341,-6006.448048508498,1415.6748
校准后,0.505,0.03211020663744521,0.09297507690376043,0.577613104524181,0.016942788754869292,3403.0679718402384,25895.870430562067,-6028.533581791608,1400.2031
校准后,0.506,0.03178459611772073,0.09215895536442965,0.578408195429472,0.016739412712567073,3393.650855915515,25902.239045995684,-6041.277075341616,1391.6101
校准后,0.507,0.03143393863494051,0.0911544980852533,0.5784860557768924,0.01655168098121118,3382.431639638105,25909.352231244684,-6056.220870073619,1375.9444
校准后,0.508,0.031120851596743895,0.09015004080607697,0.577867203219316,0.016410882182694264,3372.7220660953058,25916.72855757482,-6069.281439169723,1358.13735
校准后,0.509,0.030720100187852224,0.0890828049469521,0.57847533632287,0.0161762175184994,3359.366749787165,25928.83321478883,-6087.208796947147,1345.13535
校准后,0.51,0.03034439574201628,0.0882039048276728,0.5798596780850186,0.015925908543358208,3347.9916609101547,25934.56001500211,-6102.32008040165,1335.051
校准后,0.511,0.02991859737006888,0.08682277606880533,0.5789033068229384,0.015738176812002316,3332.992036671731,25947.136995959623,-6122.435965441159,1311.8425
校准后,0.512,0.02949279899812148,0.08562998304978342,0.5791932059447983,0.015503512147807449,3317.7618012939247,25953.895783614054,-6142.339022880142,1293.9651
校准后,0.513,0.02910457107075767,0.08468830435055559,0.5804647160068847,0.01525320317266626,3304.2091024767988,25961.491078837116,-6160.092093117397,1280.94365
校准后,0.514,0.028778960551033187,0.08387218281122481,0.5813751087902524,0.015049827130364042,3293.5652271399163,25969.09089738439,-6174.190892688881,1271.2719
校准后,0.515,0.028428303068252975,0.08280494695209994,0.581057268722467,0.014877739709954475,3281.816629834311,25976.72047578875,-6189.488675299258,1254.8069
校准后,0.516,0.028115216030056355,0.08186326825287212,0.5808463251670378,0.014721296600491231,3271.049644896309,25983.478673321908,-6203.638140815139,1239.31275
校准后,0.517,0.02767689417658109,0.0809215895536443,0.5832579185520362,0.014408410381564743,3255.0894906993767,25993.59811682533,-6224.753837703864,1231.33195
校准后,0.518,0.02736380713838447,0.08016824659426204,0.5844393592677346,0.014205034339262528,3243.699952686251,26001.352582283373,-6239.776550693937,1221.68895
校准后,0.519,0.02702567313713212,0.07916378931508569,0.5843373493975904,0.014032946918852958,3232.3962858869522,26007.705274549677,-6254.588756691184,1206.8465
校准后,0.52,0.02664996869129618,0.0782848891958064,0.5859962406015038,0.013782637943711769,3219.795783615312,26015.85238898571,-6271.2224030919515,1198.5625
校准后,0.521,0.026261740763932374,0.07702931759683596,0.5851216022889842,0.013610550523302201,3208.351789795188,26022.107152143923,-6286.206566363499,1179.13625
校准后,0.522,0.025911083281152162,0.07596208173771109,0.5848235862735621,0.013438463102892633,3195.6028131547087,26030.39465504554,-6302.971811319396,1159.70425
校准后,0.523,0.025535378835316216,0.07476928871868918,0.5841098577734184,0.013266375682483065,3182.8406629878573,26038.471085142668,-6319.752707606979,1140.64925
校准后,0.524,0.0252222917971196,0.07401594575930692,0.5854021847070506,0.013062999640180848,3171.890501014635,26045.135114452,-6333.98643108825,1135.80815
校准后,0.525,0.02493425172197871,0.0733881599598217,0.5871421396283275,0.01285962359787863,3161.90332516919,26050.032526183782,-6346.989776057813,1129.7259
校准后,0.526,0.02462116468378209,0.0725092598405424,0.5874872838250255,0.012687536177469063,3151.6354749436146,26054.692256959363,-6360.16170452682,1119.0804
校准后,0.527,0.02435817157169693,0.07169313830121163,0.587146529562982,0.01256238168989847,3143.4516819153764,26059.6435095085,-6370.697308606972,1106.91105
校准后,0.528,0.024032561051972448,0.07068868102203528,0.5867639395518499,0.012405938580435224,3133.4491943293906,26066.58075850127,-6383.764333943186,1093.36655
校准后,0.529,0.023744520976831558,0.07012367380249859,0.5891350210970464,0.012186918227186684,3121.9482014044934,26073.54744874206,-6398.640857300831,1089.2213
校准后,0.53,0.02345648090169067,0.06955866658296189,0.5915643352909771,0.011967897873938142,3112.3300337156406,26077.86732763105,-6411.0773739927035,1083.6811
校准后,0.531,0.023130870381966186,0.06886810220352815,0.5939361126150514,0.011733233209743277,3101.177833772772,26084.776880853933,-6425.510183977134,1078.4877
校准后,0.532,0.022780212899185973,0.0681147592441459,0.5964815832875207,0.011482924234602086,3089.773356802992,26091.22834122402,-6440.33831978946,1071.1885
校准后,0.533,0.022354414527238572,0.06679640906522695,0.596078431372549,0.01127954819229987,3074.384530428646,26099.438200944387,-6460.180782278983,1045.9487
校准后,0.534,0.021941139636819037,0.06547805888630799,0.5953196347031964,0.011091816460943978,3058.662861928106,26108.181488410595,-6480.251355980461,1021.434
校准后,0.535,0.021653099561678147,0.06447360160713164,0.5939849624060151,0.010982306284319707,3046.535929669605,26111.74250368155,-6495.527457934628,1000.5108
校准后,0.536,0.02142767689417658,0.06384581580764644,0.5943892460549386,0.010857151796749112,3038.0671775614733,26115.048274904708,-6506.362776787099,991.57105
校准后,0.537,0.021001878522229178,0.06246468704877896,0.5933214072748957,0.01066942006539322,3023.49328617127,26122.407585923567,-6525.139730093906,970.40805
校准后,0.538,0.020826549780839074,0.06196245840919078,0.5935057125676488,0.010575554199715273,3017.0315159393913,26125.55493155947,-6533.449227028263,962.54155
校准后,0.539,0.020463368816530995,0.060895222550065915,0.5936352509179926,0.01038782246835938,3004.9090438231074,26131.995625074895,-6548.961551051379,946.4163
校准后,0.54,0.02028804007514089,0.06039299391047775,0.5938271604938271,0.010293956602681434,2997.927666135639,26135.402472529437,-6557.877924346095,937.99855
校准后,0.541,0.01997495303694427,0.059514093791198444,0.5943573667711599,0.010121869182271866,2986.9599297950876,26139.494735400654,-6571.802819041459,925.7535
校准后,0.542,0.019674389480275518,0.058760750831816186,0.5957988542329726,0.009934137450915974,2977.5514383269197,26143.87168159041,-6583.8900492894,918.58425
校准后,0.543,0.01949906073888541,0.05819574361227949,0.5953757225433526,0.009855915896184352,2971.173538218409,26146.26589600261,-6591.856298213683,908.9878
校准后,0.544,0.01916092673763306,0.057442400652897234,0.5980392156862745,0.009621251231989487,2957.9806536911105,26151.46841459698,-6608.549715726349,902.7693
校准后,0.545,0.018885410144020037,0.05662627911356645,0.5981432360742706,0.009480452433472567,2946.9762986268884,26155.219364526252,-6622.404968860055,889.9948
校准后,0.546,0.018497182216656232,0.05568460041433863,0.6005416384563304,0.009230143458331378,2932.3080811993473,26160.5196631147,-6640.742648514227,877.38105
校准后,0.547,0.0182592360676268,0.05493125745495637,0.6001371742112482,0.009120633281707107,2922.8398660431603,26164.174647106425,-6652.75117983721,864.24025
校准后,0.548,0.017908578584846586,0.053989578755728546,0.6013986013986014,0.00891725723940489,2908.4910106183293,26169.022124961764,-6670.5675640018835,849.92095
校准后,0.549,0.017608015028177833,0.05304790005650072,0.60099573257468,0.008776458440887971,2896.1804483781198,26173.0057618898,-6685.964901222161,836.67075
校准后,0.55,0.01728240450845335,0.05216899993722142,0.6021739130434782,0.008588726709532079,2882.888229729024,26177.432042768192,-6702.807208326379,824.7608
校准后,0.551,0.017107075767063242,0.051603992717684725,0.6017569546120058,0.008510505154800457,2876.9055076244667,26179.87084106186,-6710.326336727258,816.45155
校准后,0.552,0.01686912961803381,0.05097620691819951,0.6028210838901262,0.008369706356283537,2868.5263194022023,26183.113508940278,-6720.785302711135,810.07655
校准后,0.553,0.016618659987476518,0.05041119969866282,0.6051243406179352,0.008197618935873969,2859.877184178454,26187.92351988578,-6731.6708428269,807.7246
校准后,0.554,0.016368190356919225,0.04972063531922908,0.6059678653404744,0.00805682013735705,2849.164906431419,26193.660837965734,-6745.1636247327415,794.0954
校准后,0.555,0.016092673763306198,0.049155628099692386,0.6093385214007782,0.007853444095054833,2838.5586431267902,26196.9597258005,-6758.385293165927,788.56945
校准后,0.556,0.015892298058860364,0.04846506372025865,0.6083530338849488,0.0077752225403232116,2830.934896530705,26200.71857817185,-6767.9978902726,776.9217
校准后,0.557,0.015654351909830933,0.04771172076087639,0.608,0.007665712363698941,2821.225454276366,26204.85677477883,-6780.184744560876,766.21945
校准后,0.558,0.015378835316217908,0.04702115638144265,0.6099348534201955,0.007493624943289373,2810.5930451994195,26206.599776247593,-6793.257726891648,757.6278
校准后,0.559,0.015216030056355667,0.04670726348170005,0.6123456790123457,0.007368470455718778,2804.4285719524646,26208.94553808478,-6800.949564292684,756.08655
校准后,0.56,0.014902943018159049,0.04582836336242074,0.6134453781512605,0.00719638303530921,2792.444294598144,26213.20141633944,-6815.75389539686,741.5433
校准后,0.561,0.014627426424546024,0.04494946324314144,0.613013698630137,0.007071228547738615,2781.3417567242877,26215.676405473398,-6829.482595645821,725.8053
校准后,0.562,0.014464621164683783,0.044384456023604746,0.6121212121212121,0.007008651303953318,2775.6245441993574,26219.009149272584,-6836.607233179715,717.43855
校准后,0.5630000000000001,0.014214151534126487,0.04381944880406805,0.614977973568282,0.006836563883543749,2765.9429264949617,26221.998515634405,-6848.524001228279,708.1961
校准后,0.5640000000000001,0.013926111458985597,0.04287777010484023,0.6142086330935251,0.006711409395973154,2752.6234306782826,26227.248542633162,-6865.070545339037,690.8386
校准后,0.5650000000000001,0.013688165309956167,0.042312762885303536,0.616651418115279,0.006554966286509911,2743.943605981052,26229.581592816572,-6875.879825989384,684.0606
校准后,0.5660000000000001,0.013500313087038196,0.04181053424571536,0.6178107606679035,0.00644545610988564,2735.0152797224227,26233.120183667415,-6887.00057830922,674.7761
校准后,0.5670000000000001,0.01327489041953663,0.04118274844623015,0.6188679245283019,0.006320301622315045,2725.8453627980357,26235.43281782542,-6898.4077951949475,664.57085
校准后,0.5680000000000001,0.012986850344395742,0.040303848326950845,0.6190935390549662,0.006179502823798126,2714.1327290555296,26238.316433190186,-6912.802505665919,650.6996
校准后,0.5690000000000001,0.012798998121477771,0.03973884110741415,0.6193737769080235,0.00608563695812018,2707.2236167999313,26240.609441459277,-6921.376638583178,642.62785
校准后,0.5700000000000001,0.012623669380087665,0.03942494820767154,0.623015873015873,0.00594483815960326,2699.9834982454554,26243.014316740082,-6930.277990775827,640.58385
校准后,0.5710000000000001,0.012448340638697557,0.03879716240818633,0.6217303822937625,0.0058822609158179625,2693.1597774551756,26245.422326803677,-6938.727828447562,631.98435
校准后,0.5720000000000001,0.012172824045084534,0.03810659802875259,0.6244855967078189,0.005710173495408395,2681.163947213761,26249.26318168189,-6953.563971652766,623.2956
校准后,0.5730000000000001,0.012010018785222292,0.037604369389164415,0.6246089676746611,0.005631951940676773,2675.7932588508475,26250.638173390224,-6960.160523884911,617.36585
校准后,0.5740000000000001,0.011822166562304321,0.03710214074957625,0.6260593220338984,0.005522441764052502,2668.1308953839284,26253.104946306492,-6969.556767327276,610.6931
校准后,0.5750000000000001,0.011621790857858484,0.03659991210998807,0.6282327586206896,0.005397287276481907,2659.0538416181316,26256.543299215136,-6980.720460071655,604.14835
校准后,0.5760000000000001,0.011421415153412648,0.0360976834703999,0.6304824561403509,0.005272132788911313,2650.2089585989393,26257.99594714195,-6991.41235673576,597.36735
校准后,0.577,0.011221039448966812,0.03565823341076025,0.6339285714285714,0.005131333990394393,2640.322154979225,26261.03000051341,-7003.467914782306,589.4823
校准后,0.578,0.010970569818409518,0.03490489045137799,0.634703196347032,0.005006179502823798,2627.9742239480584,26265.586443115793,-7018.5539181566055,574.76305
校准后,0.579,0.01089542892924233,0.03471655471153243,0.635632183908046,0.0049592465699848255,2625.1734006303464,26266.340396359497,-7021.966061543654,571.5405
校准后,0.58,0.010695053224796493,0.03390043317220164,0.6323185011709602,0.004912313637145852,2615.711511802874,26270.496471819402,-7033.563179547006,556.14375
校准后,0.581,0.010569818409517847,0.03364931885240756,0.6350710900473934,0.004818447771467906,2609.9308345917193,26270.376536010237,-7040.493366212061,554.5256
校准后,0.582,0.010331872260488416,0.033147090212819384,0.64,0.004646360351058337,2599.941413914773,26270.864453357564,-7052.638982318072,549.95385
校准后,0.583,0.01013149655604258,0.03258208299328269,0.6415327564894932,0.004536850174434067,2591.608296014563,26271.63770398835,-7062.677892097436,541.15245
校准后,0.584,0.009981214777708202,0.03226819009354009,0.644918444165621,0.004427339997809796,2586.426675372339,26272.082011404735,-7069.000882143326,540.0292
校准后,0.585,0.009805886036318096,0.03182874003390043,0.6475095785440613,0.004317829821185526,2579.826226766148,26272.830619827502,-7076.970170317313,535.83645
校准后,0.586,0.009517845961177208,0.031075397074518174,0.6513157894736842,0.0041457424007759576,2566.172189837805,26274.802366567194,-7093.598251706403,524.88545
校准后,0.587,0.009167188478396994,0.030322054115135916,0.6598360655737705,0.003895433425634768,2551.2164061265,26278.606668724224,-7111.792717861013,517.46845
校准后,0.588,0.008929242329367565,0.029568711155753657,0.6605890603085554,0.003785923249010497,2540.6016946640952,26279.693321093328,-7124.610268055991,505.24495
校准后,0.589,0.008766437069505322,0.029129261096114006,0.6628571428571428,0.003692057383332551,2532.306055687346,26281.078902605077,-7134.57775612568,497.5152
校准后,0.59,0.008566061365059486,0.028313139556783225,0.6593567251461988,0.0036451244504935782,2523.9029971329915,26281.742473877057,-7144.566277026378,484.4402
校准后,0.591,0.008478396994364434,0.02799924665704062,0.6587887740029542,0.0036138358286009293,2520.0969892618305,26282.540568327415,-7149.177146216864,478.74345
校准后,0.592,0.008290544771446463,0.027371460857555402,0.6586102719033232,0.0035356142738693073,2511.4947581780825,26284.453087464775,-7159.5259302792265,467.15645
校准后,0.593,0.008077645585472762,0.02642978215832758,0.6527131782945736,0.003504325651976659,2502.524622262325,26285.765596566616,-7170.371420807621,448.23895
校准后,0.594,0.007939887288666249,0.025864774938790885,0.6498422712933754,0.00347303703008401,2496.334925346753,26286.24654963658,-7177.79108159228,437.89745
校准后,0.595,0.0077395115842204135,0.025488103459099756,0.656957928802589,0.0033165939206207663,2487.872852049343,26287.55059057013,-7188.001543895078,435.43945
校准后,0.596,0.007614276768941766,0.025048653399460104,0.65625,0.003269660987781793,2481.8082547016757,26288.57544051417,-7195.311576640594,427.80945
校准后,0.597,0.007489041953663118,0.024671981919768975,0.657190635451505,0.003207083743996496,2476.8018646476576,26289.312221534048,-7201.320045593785,423.7807
校准后,0.598,0.007376330619912335,0.024358089020026365,0.6587436332767402,0.003144506500211198,2471.398444539281,26289.86705644355,-7207.820802685905,419.8817
校准后,0.599,0.007238572323105824,0.02404419612028376,0.6626297577854672,0.003050640634533252,2466.0687871794435,26291.55201536097,-7214.225786441767,416.1782
校准后,0.6,0.007138384470882906,0.023730303220541153,0.6631578947368421,0.003003707701694279,2461.5882072053714,26292.439537233542,-7219.605604419729,412.1027
校准后,0.601,0.006963055729492799,0.023353631740850023,0.6690647482014388,0.002878553214123684,2453.1127854894444,26292.31469764326,-7229.616710992363,410.71905
校准后,0.602,0.0068879148403256105,0.022976960261158894,0.6654545454545454,0.002878553214123684,2449.5446178535854,26292.173898422945,-7233.812602682674,402.6988
校准后,0.603,0.006775203506574828,0.022725845941364807,0.6691312384473198,0.002800331659392062,2444.663954903142,26292.86713687587,-7239.65534119055,400.1393
校准后,0.604,0.006587351283656857,0.022160838721828113,0.6711026615969582,0.002706465793714116,2435.839878964581,26294.36841356689,-7250.155518586719,389.75355
校准后,0.605,0.006449592986850344,0.021846945822085503,0.6757281553398058,0.00261259992803617,2428.7243507727026,26294.987218903632,-7258.656517549814,388.22655
校准后,0.606,0.006349405134627426,0.021533052922342897,0.6765285996055227,0.0025656669951971967,2422.769980968108,26294.793483888116,-7265.6824772169875,380.6632
校准后,0.607,0.00619912335629305,0.020968045702806203,0.6747474747474748,0.0025187340623582235,2416.4413424742593,26294.519838902288,-7273.17738424235,372.4857
校准后,0.608,0.006048841577958672,0.02052859564316655,0.6770186335403726,0.0024405125076266015,2408.7000303722793,26294.578890009707,-7282.401662029034,364.72795
校准后,0.609,0.005873512836568566,0.019900809843681335,0.67590618336887,0.002377935263841304,2399.9942227071815,26295.610462783934,-7292.763386044367,353.1377
校准后,0.61,0.00569818409517846,0.01933580262414464,0.676923076923077,0.002299713709109682,2392.123167904844,26295.20884773688,-7302.096544944018,343.7822
校准后,0.611,0.005585472761427677,0.018770795404607948,0.6704035874439462,0.002299713709109682,2385.9879069945014,26295.96670792064,-7309.387629217809,329.94145
校准后,0.612,0.005485284909204759,0.01851968108481386,0.6735159817351598,0.0022371364653243847,2380.586260121603,26296.38581048266,-7315.717173710084,328.1947
校准后,0.613,0.005447714464621165,0.01839412392491682,0.6735632183908046,0.0022214921543780605,2378.2467354560868,26295.585398616586,-7318.491169675774,324.0387
校准后,0.614,0.005297432686286787,0.017891895285328648,0.6737588652482269,0.002158914910592763,2370.4116285469777,26296.410958535547,-7327.68037274074,314.82695
校准后,0.615,0.005209768315591734,0.017515223805637515,0.6706730769230769,0.0021432705996464385,2366.181192097664,26296.24706769687,-7332.669185163393,307.6507
校准后,0.616,0.005046963055729493,0.016887438006152302,0.6674937965260546,0.0020963376668074653,2358.3475358036867,26296.292578333654,-7341.935730513274,295.16695
校准后,0.617,0.004946775203506575,0.016573545106409692,0.6683544303797468,0.002049404733968492,2353.95594713323,26295.944025274097,-7347.125455883163,290.18445
校准后,0.618,0.004834063869755792,0.01644798794651265,0.6787564766839378,0.0019398945573442217,2349.1627216412453,26295.884540841205,-7352.784935051351,291.1962
校准后,0.619,0.0047088290544771445,0.01607131646682152,0.6808510638297872,0.0018773173135589244,2344.102616646464,26296.07561767216,-7358.754211796914,287.26495
校准后,0.62,0.004621164683782091,0.015820202147027434,0.6829268292682927,0.0018303843807199512,2339.3907799155345,26295.680336650694,-7364.308810518205,283.4197
校准后,0.621,0.004445835942391985,0.015317973507439261,0.6873239436619718,0.001736518515042005,2331.0217105503352,26296.289839234763,-7374.164069478625,274.7327
校准后,0.622,0.004370695053224796,0.015004080607696655,0.6848137535816619,0.0017208742040956805,2326.8756496949472,26295.97380647857,-7379.041933705703,266.72795
校准后,0.623,0.0043206011271133375,0.014815744867851088,0.6840579710144927,0.0017052298931493563,2324.9174857176067,26295.90665275366,-7381.344248086443,264.27545
校准后,0.624,0.00422041327489042,0.014501851968108482,0.685459940652819,0.0016582969603103832,2319.6511862355487,26296.422746705666,-7387.484506115469,258.2047
校准后,0.625,0.004157795867251096,0.014313516228262917,0.6867469879518072,0.0016270083384177345,2315.743609819679,26297.458678720697,-7392.070671068957,253.3732
校准后,0.626,0.004082654978083907,0.01399962332852031,0.6840490797546013,0.00161136402747141,2311.97021692672,26297.027288640817,-7396.471925833484,245.99545
校准后,0.627,0.003982467125860989,0.013748509008726222,0.6886792452830188,0.0015487867836861124,2307.3324915788758,26296.976247954703,-7401.904729879153,242.1422
校准后,0.628,0.003894802755165936,0.013434616108983615,0.6881028938906752,0.0015174981617934638,2303.2546687851136,26295.727750070087,-7406.566319314149,236.89535
校准后,0.629,0.0038196618659987478,0.013183501789189528,0.6885245901639344,0.001486209539900815,2299.3543372262247,26295.493762526447,-7411.127951139203,231.85385
校准后,0.63,0.003757044458359424,0.012932387469395443,0.6866666666666666,0.0014705652289544906,2296.359099955567,26295.10071449514,-7414.589934747571,229.10985
校准后,0.631,0.0036819035691922353,0.012681273149601355,0.6870748299319728,0.001439276607061842,2292.5343624149623,26294.87667249359,-7419.055811657083,225.10585
校准后,0.632,0.003606762680025047,0.01243015882980727,0.6875,0.0014079879851691933,2288.7412079067976,26294.280880993694,-7423.480930489024,221.2171
校准后,0.633,0.003544145272385723,0.012304601669910226,0.6925795053003534,0.0013610550523302201,2285.808031785993,26294.003624672117,-7426.901280191708,221.0161
校准后,0.634,0.00345648090169067,0.01205348735011614,0.6956521739130435,0.001314122119491247,2281.4838195264083,26293.5647669218,-7431.938185612354,217.1106
校准后,0.635,0.003356293049467752,0.011739594450373533,0.6977611940298507,0.0012671891866522739,2276.5118719812185,26293.153308273435,-7437.724641025767,214.0586
校准后,0.636,0.0032936756418284283,0.011488480130579447,0.6958174904942965,0.0012515448757059494,2273.011573990216,26293.081330871762,-7441.795306818119,209.83085
校准后,0.637,0.0032060112711333752,0.01130014439073388,0.703125,0.001188967631920652,2268.9732008541655,26293.280776967847,-7446.488448983761,209.00735
校准后,0.638,0.0031183469004383217,0.010986251490991274,0.7028112449799196,0.0011576790100280034,2264.442895951993,26292.90958939868,-7451.748308150607,204.41335
校准后,0.639,0.0030807764558547276,0.01079791575114571,0.6991869918699187,0.0011576790100280034,2262.010700023635,26292.96922442649,-7454.520269508922,199.54135
校准后,0.64,0.0030557294927989983,0.010735137171197187,0.7008196721311475,0.001142034699081679,2261.135671530049,26293.009980244733,-7455.534681228471,199.3146
校准后,0.641,0.0029304946775203507,0.010358465691506058,0.7051282051282052,0.0010794574552963816,2254.5019887803624,26293.452152802703,-7463.207864631702,192.1615
校准后,0.642,0.002855353788353162,0.010170129951660493,0.7105263157894737,0.0010325245224574084,2251.380671193728,26293.546322303824,-7466.8206845803425,189.3035
校准后,0.643,0.002817783343769568,0.009981794211814929,0.7066666666666667,0.0010325245224574084,2249.0866957815474,26293.353507416694,-7469.473801180697,184.61525
校准后,0.644,0.0027301189730745148,0.00966790131207232,0.7064220183486238,0.0010012359005647595,2244.5681563036105,26292.571372023773,-7474.696622236942,178.499
校准后,0.645,0.002617407639323732,0.009416786992278235,0.7177033492822966,0.0009230143458331377,2238.412527951796,26291.35133349457,-7481.805781335984,176.419
校准后,0.646,0.002554790231684408,0.009165672672484148,0.7156862745098039,0.0009073700348868134,2234.1668329310187,26290.482291962177,-7486.637483986134,171.2935
校准后,0.647,0.0024921728240450847,0.009040115512587106,0.7236180904522613,0.0008604371020478403,2230.6860136790133,26290.468857810647,-7490.650905350337,169.007
校准后,0.648,0.0024420788979336258,0.008914558352690062,0.7282051282051282,0.0008291484801551916,2228.0498013265264,26290.123759171507,-7493.688635849951,165.894
校准后,0.649,0.002366938008766437,0.008663444032895975,0.7301587301587301,0.0007978598582625428,2223.1184092327626,26290.03710122404,-7499.36528162965,159.91925
校准后,0.65,0.002329367564182843,0.008537886872998933,0.7311827956989247,0.0007822155473162184,2221.231461841502,26289.643448913972,-7501.535924412222,157.341
校准后,0.651,0.0022542266750156543,0.008349551133153369,0.7388888888888889,0.0007352826144772453,2217.23800038552,26289.762431735777,-7506.126054149807,154.56475
校准后,0.652,0.002179085785848466,0.00803565823341076,0.735632183908046,0.000719638303530921,2212.7878213025533,26289.354237635387,-7511.237481370327,148.18125
校准后,0.653,0.002116468378209142,0.007847322493565196,0.7396449704142012,0.0006883496816382723,2209.626118948158,26288.68860836707,-7514.866778371564,145.41225
校准后,0.654,0.002078897933625548,0.007784543913616674,0.7469879518072289,0.0006570610597456235,2207.4908789130286,26288.538155073045,-7517.315669901424,145.376
校准后,0.655,0.0020037570444583594,0.007533429593822588,0.75,0.0006257724378529747,2203.356071982806,26288.517863641464,-7522.054818292114,140.64475
校准后,0.656,0.00197871008140263,0.007470651013874066,0.7531645569620253,0.0006101281269066504,2202.3949994540576,26288.506709979654,-7523.1554924415495,139.913
校准后,0.657,0.001916092673763306,0.007282315274028501,0.7581699346405228,0.0005788395050140017,2198.9157540621327,26287.50633431437,-7527.1376510246855,136.841
校准后,0.658,0.0018409517845961176,0.007031200954234415,0.7619047619047619,0.0005475508831213529,2196.052595976394,26287.206438014226,-7530.412122897564,133.31575
校准后,0.659,0.0018033813400125235,0.0068428652143888505,0.7569444444444444,0.0005475508831213529,2193.8129635360297,26286.888406411654,-7532.971797971873,128.9425
校准后,0.66,0.0017407639323731997,0.006591750894594764,0.7553956834532374,0.0005319065721750286,2190.4509740776552,26286.47672508483,-7536.81123901149,123.9975
校准后,0.661,0.0016906700062617407,0.0064034151547491995,0.7555555555555555,0.0005162622612287042,2187.5830165505704,26286.190296583314,-7540.084540409513,119.98725
校准后,0.662,0.0016656230432060112,0.006277857994852157,0.7518796992481203,0.0005162622612287042,2186.8576410068163,26285.98824517728,-7540.911634621703,118.58375
校准后,0.663,0.0016155291170945523,0.006152300834955113,0.7596899224806202,0.00048497363933605543,2182.739462756541,26285.839105455594,-7545.604886134438,114.99175
校准后,0.664,0.0015779586725109581,0.005963965095109549,0.753968253968254,0.00048497363933605543,2180.6346178888416,26285.684045423353,-7548.002216771981,110.937
校准后,0.665,0.0015403882279273638,0.005838407935212506,0.7560975609756098,0.0004693293283897311,2178.1563122024454,26284.835765518535,-7550.82277660542,108.737
校准后,0.666,0.0014527238572323105,0.0055872936154184195,0.7672413793103449,0.00042239639555075796,2173.258503901211,26284.252034167945,-7556.392913661468,105.6295
校准后,0.667,0.0014151534126487164,0.005461736455521376,0.7699115044247787,0.0004067520846044336,2170.816820514246,26283.83086164006,-7559.167907040389,103.46575
校准后,0.668,0.0013400125234815279,0.005273400715675811,0.7850467289719626,0.0003598191517654605,2167.571100764878,26283.27696419986,-7562.854181327352,102.008
校准后,0.669,0.0013400125234815279,0.005273400715675811,0.7850467289719626,0.0003598191517654605,2167.571100764878,26283.27696419986,-7562.854181327352,102.008
校准后,0.67,0.0012523481527864746,0.004959507815933204,0.79,0.00032853052987281175,2161.9515181996794,26282.384519672294,-7569.228401507771,97.0475
校准后,0.671,0.0011521603005635566,0.004457279176345031,0.7717391304347826,0.00032853052987281175,2156.5365365755315,26281.574713398746,-7575.365973388296,86.81525
校准后,0.672,0.0011145898559799625,0.004331722016447988,0.7752808988764045,0.00031288621892648736,2154.1100745995504,26281.081089875843,-7578.114116067881,84.19425
校准后,0.673,0.0011020663744520977,0.004268943436499467,0.7727272727272727,0.00031288621892648736,2153.179848152475,26280.691504086924,-7579.167308547893,82.44425
校准后,0.674,0.001039448966812774,0.0039550505367568585,0.7590361445783133,0.00031288621892648736,2149.7636158096993,26280.135797653205,-7583.031331039253,76.04275
校准后,0.675,0.001039448966812774,0.0039550505367568585,0.7590361445783133,0.00031288621892648736,2149.7636158096993,26280.135797653205,-7583.031331039253,76.04275
校准后,0.676,0.0010144020037570446,0.0038294933768598153,0.7530864197530864,0.00031288621892648736,2148.3666918387853,26279.748229033215,-7584.60957891453,73.437
校准后,0.677,0.000989355040701315,0.003766714796911294,0.759493670886076,0.000297241907980163,2147.0539097947867,26279.402180921224,-7586.0916311519295,73.36325
校准后,0.678,0.0009142141515341265,0.0035783790570657293,0.7808219178082192,0.0002503089751411899,2143.1491807682064,26278.876303714882,-7590.496613324523,70.346
校准后,0.679,0.000889167188478397,0.003452821897168686,0.7746478873239436,0.0002503089751411899,2141.081929635085,26278.69750276533,-7592.827339287676,66.52225
校准后,0.68,0.0008515967438948028,0.0033900433172201643,0.7941176470588235,0.00021902035324854118,2138.5720280163546,26277.827317857067,-7595.655593163598,65.5675
校准后,0.681,0.0008265497808390733,0.003327264737271643,0.803030303030303,0.0002033760423022168,2136.9361456473107,26277.67598817543,-7597.4973306772845,65.25675
校准后,0.682,0.0007639323731997496,0.0032017075773745998,0.8360655737704918,0.00015644310946324368,2132.6541285388744,26277.339684735547,-7602.315407719456,64.401
校准后,0.683,0.0007263619286161552,0.0030761504174775566,0.8448275862068966,0.0001407987985169193,2130.38783778308,26276.506248766324,-7604.864142361879,62.64175
校准后,0.684,0.0006512210394489668,0.002762257517734949,0.8461538461538461,0.00012515448757059494,2126.8217692929848,26275.320485121538,-7608.844089393221,58.134
校准后,0.685,0.000638697557921102,0.0026994789377864275,0.8431372549019608,0.00012515448757059494,2126.205919045163,26275.161142474313,-7609.535562103871,57.014
校准后,0.686,0.0005886036318096431,0.002448364617992341,0.8297872340425532,0.00012515448757059494,2122.9800822081584,26274.490076303864,-7613.1561109153245,51.15675
校准后,0.687,0.0005009392611145899,0.00200891455835269,0.8,0.00012515448757059494,2118.3113641106224,26273.161690514942,-7618.392133798228,42.706
校准后,0.6880000000000001,0.0005009392611145899,0.00200891455835269,0.8,0.00012515448757059494,2118.3113641106224,26273.161690514942,-7618.392133798228,42.706
校准后,0.6890000000000001,0.0004884157795867251,0.0019461359784041685,0.7948717948717948,0.00012515448757059494,2116.9529932671117,26273.111091400904,-7619.9142490152135,40.256
校准后,0.6900000000000001,0.0004508453350031309,0.0018205788185071254,0.8055555555555556,0.00010951017662427059,2115.108120141074,26272.77607954587,-7621.979828672346,38.13975
校准后,0.6910000000000001,0.0004508453350031309,0.0018205788185071254,0.8055555555555556,0.00010951017662427059,2115.108120141074,26272.77607954587,-7621.979828672346,38.13975
校准后,0.6920000000000001,0.0004508453350031309,0.0018205788185071254,0.8055555555555556,0.00010951017662427059,2115.108120141074,26272.77607954587,-7621.979828672346,38.13975
校准后,0.6930000000000001,0.0004257983719474014,0.0016950216586100822,0.7941176470588235,0.00010951017662427059,2113.1454504067915,26272.017932478495,-7624.1730979464855,34.63975
校准后,0.6940000000000001,0.00041327489041953665,0.0016322430786615606,0.7878787878787878,0.00010951017662427059,2112.523031001814,26271.79469748792,-7624.868316940716,33.532
校准后,0.6950000000000001,0.00041327489041953665,0.0016322430786615606,0.7878787878787878,0.00010951017662427059,2112.523031001814,26271.79469748792,-7624.868316940716,33.532
校准后,0.6960000000000001,0.00038822792736380716,0.0015066859187645176,0.7741935483870968,0.00010951017662427059,2110.426135099668,26271.65938253334,-7627.20717845754,29.822
校准后,0.6970000000000001,0.0003757044458359424,0.001443907338815996,0.7666666666666667,0.00010951017662427059,2109.2827579318873,26271.347883994753,-7628.481974050155,27.8025
校准后,0.6980000000000001,0.0003757044458359424,0.001443907338815996,0.7666666666666667,0.00010951017662427059,2109.2827579318873,26271.347883994753,-7628.481974050155,27.8025
校准后,0.6990000000000001,0.0003506574827802129,0.0013183501789189528,0.75,0.00010951017662427059,2108.295687953827,26271.126275017286,-7629.580858531506,26.07
校准后,0.7000000000000001,0.00033813400125234813,0.0013183501789189528,0.7777777777777778,9.386586567794622e-05,2107.505001676344,26270.92588786185,-7630.460579367366,26.66325
校准后,0.7010000000000001,0.00031308703819661864,0.0011927930190219096,0.76,9.386586567794622e-05,2105.9835986508006,26270.303866323065,-7632.152771939078,24.00325
校准后,0.7020000000000001,0.00028804007514088916,0.0010672358591248667,0.7391304347826086,9.386586567794622e-05,2104.6020398932733,26269.719361183536,-7633.688296882975,21.59525
校准后,0.7030000000000001,0.00028804007514088916,0.0010672358591248667,0.7391304347826086,9.386586567794622e-05,2104.6020398932733,26269.719361183536,-7633.688296882975,21.59525
校准后,0.704,0.00028804007514088916,0.0010672358591248667,0.7391304347826086,9.386586567794622e-05,2104.6020398932733,26269.719361183536,-7633.688296882975,21.59525
校准后,0.705,0.0002755165936130244,0.001004457279176345,0.7272727272727273,9.386586567794622e-05,2103.6316967034495,26269.469319656037,-7634.765088594327,19.91525
校准后,0.706,0.0002755165936130244,0.001004457279176345,0.7272727272727273,9.386586567794622e-05,2103.6316967034495,26269.469319656037,-7634.765088594327,19.91525
校准后,0.707,0.00026299311208515967,0.0009416786992278235,0.7142857142857143,9.386586567794622e-05,2102.9621861222586,26269.280646057145,-7635.507160088339,18.762
校准后,0.708,0.00026299311208515967,0.0009416786992278235,0.7142857142857143,9.386586567794622e-05,2102.9621861222586,26269.280646057145,-7635.507160088339,18.762
校准后,0.709,0.00026299311208515967,0.0009416786992278235,0.7142857142857143,9.386586567794622e-05,2102.9621861222586,26269.280646057145,-7635.507160088339,18.762
校准后,0.71,0.00026299311208515967,0.0009416786992278235,0.7142857142857143,9.386586567794622e-05,2102.9621861222586,26269.280646057145,-7635.507160088339,18.762
校准后,0.711,0.00026299311208515967,0.0009416786992278235,0.7142857142857143,9.386586567794622e-05,2102.9621861222586,26269.280646057145,-7635.507160088339,18.762
校准后,0.712,0.00022542266750156544,0.0008161215393307803,0.7222222222222222,7.822155473162184e-05,2099.4054448143424,26268.09887150815,-7639.437590200067,16.094
校准后,0.713,0.0001878522229179712,0.0007533429593822588,0.8,4.693293283897311e-05,2097.7216472175696,26267.491643112615,-7641.297480657324,15.73625
校准后,0.714,0.00017532874139010644,0.0006905643794337372,0.7857142857142857,4.693293283897311e-05,2097.0512648722042,26267.261465730324,-7642.037405650884,14.60225
校准后,0.715,0.0001628052598622417,0.0006277857994852156,0.7692307692307693,4.693293283897311e-05,2096.3412889987408,26266.850864009364,-7642.820697643328,13.4035
校准后,0.716,0.0001628052598622417,0.0006277857994852156,0.7692307692307693,4.693293283897311e-05,2096.3412889987408,26266.850864009364,-7642.820697643328,13.4035
校准后,0.717,0.0001377582968065122,0.0005650072195366941,0.8181818181818182,3.1288621892648736e-05,2094.5915457966616,26266.487971687795,-7644.748979365096,11.6635
校准后,0.718,0.0001377582968065122,0.0005650072195366941,0.8181818181818182,3.1288621892648736e-05,2094.5915457966616,26266.487971687795,-7644.748979365096,11.6635
校准后,0.719,0.0001377582968065122,0.0005650072195366941,0.8181818181818182,3.1288621892648736e-05,2094.5915457966616,26266.487971687795,-7644.748979365096,11.6635
校准后,0.72,0.00010018785222291798,0.0003766714796911294,0.75,3.1288621892648736e-05,2092.4440405977916,26265.607129058266,-7647.075532284769,8.181
校准后,0.721,0.00010018785222291798,0.0003766714796911294,0.75,3.1288621892648736e-05,2092.4440405977916,26265.607129058266,-7647.075532284769,8.181
校准后,0.722,0.00010018785222291798,0.0003766714796911294,0.75,3.1288621892648736e-05,2092.4440405977916,26265.607129058266,-7647.075532284769,8.181
校准后,0.723,0.00010018785222291798,0.0003766714796911294,0.75,3.1288621892648736e-05,2092.4440405977916,26265.607129058266,-7647.075532284769,8.181
校准后,0.724,0.00010018785222291798,0.0003766714796911294,0.75,3.1288621892648736e-05,2092.4440405977916,26265.607129058266,-7647.075532284769,8.181
校准后,0.725,0.00010018785222291798,0.0003766714796911294,0.75,3.1288621892648736e-05,2092.4440405977916,26265.607129058266,-7647.075532284769,8.181
校准后,0.726,0.00010018785222291798,0.0003766714796911294,0.75,3.1288621892648736e-05,2092.4440405977916,26265.607129058266,-7647.075532284769,8.181
校准后,0.727,0.00010018785222291798,0.0003766714796911294,0.75,3.1288621892648736e-05,2092.4440405977916,26265.607129058266,-7647.075532284769,8.181
校准后,0.728,8.766437069505322e-05,0.0003138928997426078,0.7142857142857143,3.1288621892648736e-05,2091.9716749863724,26265.51103086538,-7647.593068054476,7.4075
校准后,0.729,8.766437069505322e-05,0.0003138928997426078,0.7142857142857143,3.1288621892648736e-05,2091.9716749863724,26265.51103086538,-7647.593068054476,7.4075
校准后,0.73,8.766437069505322e-05,0.0003138928997426078,0.7142857142857143,3.1288621892648736e-05,2091.9716749863724,26265.51103086538,-7647.593068054476,7.4075
校准后,0.731,8.766437069505322e-05,0.0003138928997426078,0.7142857142857143,3.1288621892648736e-05,2091.9716749863724,26265.51103086538,-7647.593068054476,7.4075
校准后,0.732,8.766437069505322e-05,0.0003138928997426078,0.7142857142857143,3.1288621892648736e-05,2091.9716749863724,26265.51103086538,-7647.593068054476,7.4075
校准后,0.733,8.766437069505322e-05,0.0003138928997426078,0.7142857142857143,3.1288621892648736e-05,2091.9716749863724,26265.51103086538,-7647.593068054476,7.4075
校准后,0.734,7.514088916718848e-05,0.00025111431979408627,0.6666666666666666,3.1288621892648736e-05,2091.304853937954,26265.292189284704,-7648.321565945631,6.3295
校准后,0.735,5.009392611145899e-05,0.00012555715989704313,0.5,3.1288621892648736e-05,2088.984213080137,26264.3937445684,-7650.854810674775,2.5915
校准后,0.736,5.009392611145899e-05,0.00012555715989704313,0.5,3.1288621892648736e-05,2088.984213080137,26264.3937445684,-7650.854810674775,2.5915
校准后,0.737,3.757044458359424e-05,6.277857994852157e-05,0.3333333333333333,3.1288621892648736e-05,2087.4548892241123,26263.621676840794,-7652.522235952397,0.1415
校准后,0.738,3.757044458359424e-05,6.277857994852157e-05,0.3333333333333333,3.1288621892648736e-05,2087.4548892241123,26263.621676840794,-7652.522235952397,0.1415
校准后,0.739,3.757044458359424e-05,6.277857994852157e-05,0.3333333333333333,3.1288621892648736e-05,2087.4548892241123,26263.621676840794,-7652.522235952397,0.1415
校准后,0.74,3.757044458359424e-05,6.277857994852157e-05,0.3333333333333333,3.1288621892648736e-05,2087.4548892241123,26263.621676840794,-7652.522235952397,0.1415
校准后,0.741,3.757044458359424e-05,6.277857994852157e-05,0.3333333333333333,3.1288621892648736e-05,2087.4548892241123,26263.621676840794,-7652.522235952397,0.1415
校准后,0.742,3.757044458359424e-05,6.277857994852157e-05,0.3333333333333333,3.1288621892648736e-05,2087.4548892241123,26263.621676840794,-7652.522235952397,0.1415
校准后,0.743,3.757044458359424e-05,6.277857994852157e-05,0.3333333333333333,3.1288621892648736e-05,2087.4548892241123,26263.621676840794,-7652.522235952397,0.1415
校准后,0.744,3.757044458359424e-05,6.277857994852157e-05,0.3333333333333333,3.1288621892648736e-05,2087.4548892241123,26263.621676840794,-7652.522235952397,0.1415
校准后,0.745,3.757044458359424e-05,6.277857994852157e-05,0.3333333333333333,3.1288621892648736e-05,2087.4548892241123,26263.621676840794,-7652.522235952397,0.1415
校准后,0.746,3.757044458359424e-05,6.277857994852157e-05,0.3333333333333333,3.1288621892648736e-05,2087.4548892241123,26263.621676840794,-7652.522235952397,0.1415
校准后,0.747,3.757044458359424e-05,6.277857994852157e-05,0.3333333333333333,3.1288621892648736e-05,2087.4548892241123,26263.621676840794,-7652.522235952397,0.1415
校准后,0.748,2.5046963055729494e-05,6.277857994852157e-05,0.5,1.5644310946324368e-05,2086.7838931955994,26263.380660817933,-7653.250082576633,0.5915
校准后,0.749,2.5046963055729494e-05,6.277857994852157e-05,0.5,1.5644310946324368e-05,2086.7838931955994,26263.380660817933,-7653.250082576633,0.5915
校准后,0.75,2.5046963055729494e-05,6.277857994852157e-05,0.5,1.5644310946324368e-05,2086.7838931955994,26263.380660817933,-7653.250082576633,0.5915
校准后,0.751,2.5046963055729494e-05,6.277857994852157e-05,0.5,1.5644310946324368e-05,2086.7838931955994,26263.380660817933,-7653.250082576633,0.5915
校准后,0.752,1.2523481527864747e-05,6.277857994852157e-05,1.0,0.0,2085.9939680564967,26263.072363549843,-7654.105268944872,1.1165
校准后,0.753,1.2523481527864747e-05,6.277857994852157e-05,1.0,0.0,2085.9939680564967,26263.072363549843,-7654.105268944872,1.1165
校准后,0.754,1.2523481527864747e-05,6.277857994852157e-05,1.0,0.0,2085.9939680564967,26263.072363549843,-7654.105268944872,1.1165
校准后,0.755,1.2523481527864747e-05,6.277857994852157e-05,1.0,0.0,2085.9939680564967,26263.072363549843,-7654.105268944872,1.1165
校准后,0.756,1.2523481527864747e-05,6.277857994852157e-05,1.0,0.0,2085.9939680564967,26263.072363549843,-7654.105268944872,1.1165
校准后,0.757,1.2523481527864747e-05,6.277857994852157e-05,1.0,0.0,2085.9939680564967,26263.072363549843,-7654.105268944872,1.1165
校准后,0.758,1.2523481527864747e-05,6.277857994852157e-05,1.0,0.0,2085.9939680564967,26263.072363549843,-7654.105268944872,1.1165
校准后,0.759,1.2523481527864747e-05,6.277857994852157e-05,1.0,0.0,2085.9939680564967,26263.072363549843,-7654.105268944872,1.1165
校准后,0.76,1.2523481527864747e-05,6.277857994852157e-05,1.0,0.0,2085.9939680564967,26263.072363549843,-7654.105268944872,1.1165
校准后,0.761,1.2523481527864747e-05,6.277857994852157e-05,1.0,0.0,2085.9939680564967,26263.072363549843,-7654.105268944872,1.1165
校准后,0.762,1.2523481527864747e-05,6.277857994852157e-05,1.0,0.0,2085.9939680564967,26263.072363549843,-7654.105268944872,1.1165
校准后,0.763,1.2523481527864747e-05,6.277857994852157e-05,1.0,0.0,2085.9939680564967,26263.072363549843,-7654.105268944872,1.1165
校准后,0.764,1.2523481527864747e-05,6.277857994852157e-05,1.0,0.0,2085.9939680564967,26263.072363549843,-7654.105268944872,1.1165
校准后,0.765,1.2523481527864747e-05,6.277857994852157e-05,1.0,0.0,2085.9939680564967,26263.072363549843,-7654.105268944872,1.1165
校准后,0.766,1.2523481527864747e-05,6.277857994852157e-05,1.0,0.0,2085.9939680564967,26263.072363549843,-7654.105268944872,1.1165
校准后,0.767,1.2523481527864747e-05,6.277857994852157e-05,1.0,0.0,2085.9939680564967,26263.072363549843,-7654.105268944872,1.1165
校准后,0.768,1.2523481527864747e-05,6.277857994852157e-05,1.0,0.0,2085.9939680564967,26263.072363549843,-7654.105268944872,1.1165
校准后,0.769,1.2523481527864747e-05,6.277857994852157e-05,1.0,0.0,2085.9939680564967,26263.072363549843,-7654.105268944872,1.1165
校准后,0.77,1.2523481527864747e-05,6.277857994852157e-05,1.0,0.0,2085.9939680564967,26263.072363549843,-7654.105268944872,1.1165
校准后,0.771,1.2523481527864747e-05,6.277857994852157e-05,1.0,0.0,2085.9939680564967,26263.072363549843,-7654.105268944872,1.1165
校准后,0.772,1.2523481527864747e-05,6.277857994852157e-05,1.0,0.0,2085.9939680564967,26263.072363549843,-7654.105268944872,1.1165
校准后,0.773,1.2523481527864747e-05,6.277857994852157e-05,1.0,0.0,2085.9939680564967,26263.072363549843,-7654.105268944872,1.1165
校准后,0.774,1.2523481527864747e-05,6.277857994852157e-05,1.0,0.0,2085.9939680564967,26263.072363549843,-7654.105268944872,1.1165
校准后,0.775,1.2523481527864747e-05,6.277857994852157e-05,1.0,0.0,2085.9939680564967,26263.072363549843,-7654.105268944872,1.1165
校准后,0.776,1.2523481527864747e-05,6.277857994852157e-05,1.0,0.0,2085.9939680564967,26263.072363549843,-7654.105268944872,1.1165
校准后,0.777,1.2523481527864747e-05,6.277857994852157e-05,1.0,0.0,2085.9939680564967,26263.072363549843,-7654.105268944872,1.1165
校准后,0.778,1.2523481527864747e-05,6.277857994852157e-05,1.0,0.0,2085.9939680564967,26263.072363549843,-7654.105268944872,1.1165
校准后,0.779,1.2523481527864747e-05,6.277857994852157e-05,1.0,0.0,2085.9939680564967,26263.072363549843,-7654.105268944872,1.1165
校准后,0.78,1.2523481527864747e-05,6.277857994852157e-05,1.0,0.0,2085.9939680564967,26263.072363549843,-7654.105268944872,1.1165
校准后,0.781,1.2523481527864747e-05,6.277857994852157e-05,1.0,0.0,2085.9939680564967,26263.072363549843,-7654.105268944872,1.1165
校准后,0.782,1.2523481527864747e-05,6.277857994852157e-05,1.0,0.0,2085.9939680564967,26263.072363549843,-7654.105268944872,1.1165
校准后,0.783,0.0,0.0,,0.0,2085.223935000261,26262.733508605124,-7654.927272042671,0.0
校准后,0.784,0.0,0.0,,0.0,2085.223935000261,26262.733508605124,-7654.927272042671,0.0
校准后,0.785,0.0,0.0,,0.0,2085.223935000261,26262.733508605124,-7654.927272042671,0.0
校准后,0.786,0.0,0.0,,0.0,2085.223935000261,26262.733508605124,-7654.927272042671,0.0
校准后,0.787,0.0,0.0,,0.0,2085.223935000261,26262.733508605124,-7654.927272042671,0.0
校准后,0.788,0.0,0.0,,0.0,2085.223935000261,26262.733508605124,-7654.927272042671,0.0
校准后,0.789,0.0,0.0,,0.0,2085.223935000261,26262.733508605124,-7654.927272042671,0.0
校准后,0.79,0.0,0.0,,0.0,2085.223935000261,26262.733508605124,-7654.927272042671,0.0
校准后,0.791,0.0,0.0,,0.0,2085.223935000261,26262.733508605124,-7654.927272042671,0.0
校准后,0.792,0.0,0.0,,0.0,2085.223935000261,26262.733508605124,-7654.927272042671,0.0
校准后,0.793,0.0,0.0,,0.0,2085.223935000261,26262.733508605124,-7654.927272042671,0.0
校准后,0.794,0.0,0.0,,0.0,2085.223935000261,26262.733508605124,-7654.927272042671,0.0
校准后,0.795,0.0,0.0,,0.0,2085.223935000261,26262.733508605124,-7654.927272042671,0.0
校准后,0.796,0.0,0.0,,0.0,2085.223935000261,26262.733508605124,-7654.927272042671,0.0
校准后,0.797,0.0,0.0,,0.0,2085.223935000261,26262.733508605124,-7654.927272042671,0.0
校准后,0.798,0.0,0.0,,0.0,2085.223935000261,26262.733508605124,-7654.927272042671,0.0
校准后,0.799,0.0,0.0,,0.0,2085.223935000261,26262.733508605124,-7654.927272042671,0.0
校准后,0.8,0.0,0.0,,0.0,2085.223935000261,26262.733508605124,-7654.927272042671,0.0
校准后,0.801,0.0,0.0,,0.0,2085.223935000261,26262.733508605124,-7654.927272042671,0.0
校准后,0.802,0.0,0.0,,0.0,2085.223935000261,26262.733508605124,-7654.927272042671,0.0
校准后,0.803,0.0,0.0,,0.0,2085.223935000261,26262.733508605124,-7654.927272042671,0.0
校准后,0.804,0.0,0.0,,0.0,2085.223935000261,26262.733508605124,-7654.927272042671,0.0
校准后,0.805,0.0,0.0,,0.0,2085.223935000261,26262.733508605124,-7654.927272042671,0.0
校准后,0.806,0.0,0.0,,0.0,2085.223935000261,26262.733508605124,-7654.927272042671,0.0
校准后,0.807,0.0,0.0,,0.0,2085.223935000261,26262.733508605124,-7654.927272042671,0.0
校准后,0.808,0.0,0.0,,0.0,2085.223935000261,26262.733508605124,-7654.927272042671,0.0
校准后,0.809,0.0,0.0,,0.0,2085.223935000261,26262.733508605124,-7654.927272042671,0.0
校准后,0.81,0.0,0.0,,0.0,2085.223935000261,26262.733508605124,-7654.927272042671,0.0
校准后,0.811,0.0,0.0,,0.0,2085.223935000261,26262.733508605124,-7654.927272042671,0.0
校准后,0.812,0.0,0.0,,0.0,2085.223935000261,26262.733508605124,-7654.927272042671,0.0
校准后,0.8130000000000001,0.0,0.0,,0.0,2085.223935000261,26262.733508605124,-7654.927272042671,0.0
校准后,0.8140000000000001,0.0,0.0,,0.0,2085.223935000261,26262.733508605124,-7654.927272042671,0.0
校准后,0.8150000000000001,0.0,0.0,,0.0,2085.223935000261,26262.733508605124,-7654.927272042671,0.0
校准后,0.8160000000000001,0.0,0.0,,0.0,2085.223935000261,26262.733508605124,-7654.927272042671,0.0
校准后,0.8170000000000001,0.0,0.0,,0.0,2085.223935000261,26262.733508605124,-7654.927272042671,0.0
校准后,0.8180000000000001,0.0,0.0,,0.0,2085.223935000261,26262.733508605124,-7654.927272042671,0.0
校准后,0.8190000000000001,0.0,0.0,,0.0,2085.223935000261,26262.733508605124,-7654.927272042671,0.0
校准后,0.8200000000000001,0.0,0.0,,0.0,2085.223935000261,26262.733508605124,-7654.927272042671,0.0
校准后,0.8210000000000001,0.0,0.0,,0.0,2085.223935000261,26262.733508605124,-7654.927272042671,0.0
校准后,0.8220000000000001,0.0,0.0,,0.0,2085.223935000261,26262.733508605124,-7654.927272042671,0.0
校准后,0.8230000000000001,0.0,0.0,,0.0,2085.223935000261,26262.733508605124,-7654.927272042671,0.0
校准后,0.8240000000000001,0.0,0.0,,0.0,2085.223935000261,26262.733508605124,-7654.927272042671,0.0
校准后,0.8250000000000001,0.0,0.0,,0.0,2085.223935000261,26262.733508605124,-7654.927272042671,0.0
校准后,0.8260000000000001,0.0,0.0,,0.0,2085.223935000261,26262.733508605124,-7654.927272042671,0.0
校准后,0.8270000000000001,0.0,0.0,,0.0,2085.223935000261,26262.733508605124,-7654.927272042671,0.0
校准后,0.8280000000000001,0.0,0.0,,0.0,2085.223935000261,26262.733508605124,-7654.927272042671,0.0
校准后,0.8290000000000001,0.0,0.0,,0.0,2085.223935000261,26262.733508605124,-7654.927272042671,0.0
校准后,0.8300000000000001,0.0,0.0,,0.0,2085.223935000261,26262.733508605124,-7654.927272042671,0.0
校准后,0.8310000000000001,0.0,0.0,,0.0,2085.223935000261,26262.733508605124,-7654.927272042671,0.0
校准后,0.8320000000000001,0.0,0.0,,0.0,2085.223935000261,26262.733508605124,-7654.927272042671,0.0
校准后,0.833,0.0,0.0,,0.0,2085.223935000261,26262.733508605124,-7654.927272042671,0.0
校准后,0.834,0.0,0.0,,0.0,2085.223935000261,26262.733508605124,-7654.927272042671,0.0
校准后,0.835,0.0,0.0,,0.0,2085.223935000261,26262.733508605124,-7654.927272042671,0.0
校准后,0.836,0.0,0.0,,0.0,2085.223935000261,26262.733508605124,-7654.927272042671,0.0
校准后,0.837,0.0,0.0,,0.0,2085.223935000261,26262.733508605124,-7654.927272042671,0.0
校准后,0.838,0.0,0.0,,0.0,2085.223935000261,26262.733508605124,-7654.927272042671,0.0
校准后,0.839,0.0,0.0,,0.0,2085.223935000261,26262.733508605124,-7654.927272042671,0.0
校准后,0.84,0.0,0.0,,0.0,2085.223935000261,26262.733508605124,-7654.927272042671,0.0
校准后,0.841,0.0,0.0,,0.0,2085.223935000261,26262.733508605124,-7654.927272042671,0.0
校准后,0.842,0.0,0.0,,0.0,2085.223935000261,26262.733508605124,-7654.927272042671,0.0
校准后,0.843,0.0,0.0,,0.0,2085.223935000261,26262.733508605124,-7654.927272042671,0.0
校准后,0.844,0.0,0.0,,0.0,2085.223935000261,26262.733508605124,-7654.927272042671,0.0
校准后,0.845,0.0,0.0,,0.0,2085.223935000261,26262.733508605124,-7654.927272042671,0.0
校准后,0.846,0.0,0.0,,0.0,2085.223935000261,26262.733508605124,-7654.927272042671,0.0
校准后,0.847,0.0,0.0,,0.0,2085.223935000261,26262.733508605124,-7654.927272042671,0.0
校准后,0.848,0.0,0.0,,0.0,2085.223935000261,26262.733508605124,-7654.927272042671,0.0
校准后,0.849,0.0,0.0,,0.0,2085.223935000261,26262.733508605124,-7654.927272042671,0.0
校准后,0.85,0.0,0.0,,0.0,2085.223935000261,26262.733508605124,-7654.927272042671,0.0
校准后,0.851,0.0,0.0,,0.0,2085.223935000261,26262.733508605124,-7654.927272042671,0.0
校准后,0.852,0.0,0.0,,0.0,2085.223935000261,26262.733508605124,-7654.927272042671,0.0
校准后,0.853,0.0,0.0,,0.0,2085.223935000261,26262.733508605124,-7654.927272042671,0.0
校准后,0.854,0.0,0.0,,0.0,2085.223935000261,26262.733508605124,-7654.927272042671,0.0
校准后,0.855,0.0,0.0,,0.0,2085.223935000261,26262.733508605124,-7654.927272042671,0.0
校准后,0.856,0.0,0.0,,0.0,2085.223935000261,26262.733508605124,-7654.927272042671,0.0
校准后,0.857,0.0,0.0,,0.0,2085.223935000261,26262.733508605124,-7654.927272042671,0.0
校准后,0.858,0.0,0.0,,0.0,2085.223935000261,26262.733508605124,-7654.927272042671,0.0
校准后,0.859,0.0,0.0,,0.0,2085.223935000261,26262.733508605124,-7654.927272042671,0.0
校准后,0.86,0.0,0.0,,0.0,2085.223935000261,26262.733508605124,-7654.927272042671,0.0
校准后,0.861,0.0,0.0,,0.0,2085.223935000261,26262.733508605124,-7654.927272042671,0.0
校准后,0.862,0.0,0.0,,0.0,2085.223935000261,26262.733508605124,-7654.927272042671,0.0
校准后,0.863,0.0,0.0,,0.0,2085.223935000261,26262.733508605124,-7654.927272042671,0.0
校准后,0.864,0.0,0.0,,0.0,2085.223935000261,26262.733508605124,-7654.927272042671,0.0
校准后,0.865,0.0,0.0,,0.0,2085.223935000261,26262.733508605124,-7654.927272042671,0.0
校准后,0.866,0.0,0.0,,0.0,2085.223935000261,26262.733508605124,-7654.927272042671,0.0
校准后,0.867,0.0,0.0,,0.0,2085.223935000261,26262.733508605124,-7654.927272042671,0.0
校准后,0.868,0.0,0.0,,0.0,2085.223935000261,26262.733508605124,-7654.927272042671,0.0
校准后,0.869,0.0,0.0,,0.0,2085.223935000261,26262.733508605124,-7654.927272042671,0.0
校准后,0.87,0.0,0.0,,0.0,2085.223935000261,26262.733508605124,-7654.927272042671,0.0
校准后,0.871,0.0,0.0,,0.0,2085.223935000261,26262.733508605124,-7654.927272042671,0.0
校准后,0.872,0.0,0.0,,0.0,2085.223935000261,26262.733508605124,-7654.927272042671,0.0
校准后,0.873,0.0,0.0,,0.0,2085.223935000261,26262.733508605124,-7654.927272042671,0.0
校准后,0.874,0.0,0.0,,0.0,2085.223935000261,26262.733508605124,-7654.927272042671,0.0
校准后,0.875,0.0,0.0,,0.0,2085.223935000261,26262.733508605124,-7654.927272042671,0.0
校准后,0.876,0.0,0.0,,0.0,2085.223935000261,26262.733508605124,-7654.927272042671,0.0
校准后,0.877,0.0,0.0,,0.0,2085.223935000261,26262.733508605124,-7654.927272042671,0.0
校准后,0.878,0.0,0.0,,0.0,2085.223935000261,26262.733508605124,-7654.927272042671,0.0
校准后,0.879,0.0,0.0,,0.0,2085.223935000261,26262.733508605124,-7654.927272042671,0.0
校准后,0.88,0.0,0.0,,0.0,2085.223935000261,26262.733508605124,-7654.927272042671,0.0
校准后,0.881,0.0,0.0,,0.0,2085.223935000261,26262.733508605124,-7654.927272042671,0.0
校准后,0.882,0.0,0.0,,0.0,2085.223935000261,26262.733508605124,-7654.927272042671,0.0
校准后,0.883,0.0,0.0,,0.0,2085.223935000261,26262.733508605124,-7654.927272042671,0.0
校准后,0.884,0.0,0.0,,0.0,2085.223935000261,26262.733508605124,-7654.927272042671,0.0
校准后,0.885,0.0,0.0,,0.0,2085.223935000261,26262.733508605124,-7654.927272042671,0.0
校准后,0.886,0.0,0.0,,0.0,2085.223935000261,26262.733508605124,-7654.927272042671,0.0
校准后,0.887,0.0,0.0,,0.0,2085.223935000261,26262.733508605124,-7654.927272042671,0.0
校准后,0.888,0.0,0.0,,0.0,2085.223935000261,26262.733508605124,-7654.927272042671,0.0
校准后,0.889,0.0,0.0,,0.0,2085.223935000261,26262.733508605124,-7654.927272042671,0.0
校准后,0.89,0.0,0.0,,0.0,2085.223935000261,26262.733508605124,-7654.927272042671,0.0
校准后,0.891,0.0,0.0,,0.0,2085.223935000261,26262.733508605124,-7654.927272042671,0.0
校准后,0.892,0.0,0.0,,0.0,2085.223935000261,26262.733508605124,-7654.927272042671,0.0
校准后,0.893,0.0,0.0,,0.0,2085.223935000261,26262.733508605124,-7654.927272042671,0.0
校准后,0.894,0.0,0.0,,0.0,2085.223935000261,26262.733508605124,-7654.927272042671,0.0
校准后,0.895,0.0,0.0,,0.0,2085.223935000261,26262.733508605124,-7654.927272042671,0.0
校准后,0.896,0.0,0.0,,0.0,2085.223935000261,26262.733508605124,-7654.927272042671,0.0
校准后,0.897,0.0,0.0,,0.0,2085.223935000261,26262.733508605124,-7654.927272042671,0.0
校准后,0.898,0.0,0.0,,0.0,2085.223935000261,26262.733508605124,-7654.927272042671,0.0
校准后,0.899,0.0,0.0,,0.0,2085.223935000261,26262.733508605124,-7654.927272042671,0.0
校准后,0.9,0.0,0.0,,0.0,2085.223935000261,26262.733508605124,-7654.927272042671,0.0
校准后,0.901,0.0,0.0,,0.0,2085.223935000261,26262.733508605124,-7654.927272042671,0.0
校准后,0.902,0.0,0.0,,0.0,2085.223935000261,26262.733508605124,-7654.927272042671,0.0
校准后,0.903,0.0,0.0,,0.0,2085.223935000261,26262.733508605124,-7654.927272042671,0.0
校准后,0.904,0.0,0.0,,0.0,2085.223935000261,26262.733508605124,-7654.927272042671,0.0
校准后,0.905,0.0,0.0,,0.0,2085.223935000261,26262.733508605124,-7654.927272042671,0.0
校准后,0.906,0.0,0.0,,0.0,2085.223935000261,26262.733508605124,-7654.927272042671,0.0
校准后,0.907,0.0,0.0,,0.0,2085.223935000261,26262.733508605124,-7654.927272042671,0.0
校准后,0.908,0.0,0.0,,0.0,2085.223935000261,26262.733508605124,-7654.927272042671,0.0
校准后,0.909,0.0,0.0,,0.0,2085.223935000261,26262.733508605124,-7654.927272042671,0.0
校准后,0.91,0.0,0.0,,0.0,2085.223935000261,26262.733508605124,-7654.927272042671,0.0
校准后,0.911,0.0,0.0,,0.0,2085.223935000261,26262.733508605124,-7654.927272042671,0.0
校准后,0.912,0.0,0.0,,0.0,2085.223935000261,26262.733508605124,-7654.927272042671,0.0
校准后,0.913,0.0,0.0,,0.0,2085.223935000261,26262.733508605124,-7654.927272042671,0.0
校准后,0.914,0.0,0.0,,0.0,2085.223935000261,26262.733508605124,-7654.927272042671,0.0
校准后,0.915,0.0,0.0,,0.0,2085.223935000261,26262.733508605124,-7654.927272042671,0.0
校准后,0.916,0.0,0.0,,0.0,2085.223935000261,26262.733508605124,-7654.927272042671,0.0
校准后,0.917,0.0,0.0,,0.0,2085.223935000261,26262.733508605124,-7654.927272042671,0.0
校准后,0.918,0.0,0.0,,0.0,2085.223935000261,26262.733508605124,-7654.927272042671,0.0
校准后,0.919,0.0,0.0,,0.0,2085.223935000261,26262.733508605124,-7654.927272042671,0.0
校准后,0.92,0.0,0.0,,0.0,2085.223935000261,26262.733508605124,-7654.927272042671,0.0
校准后,0.921,0.0,0.0,,0.0,2085.223935000261,26262.733508605124,-7654.927272042671,0.0
校准后,0.922,0.0,0.0,,0.0,2085.223935000261,26262.733508605124,-7654.927272042671,0.0
校准后,0.923,0.0,0.0,,0.0,2085.223935000261,26262.733508605124,-7654.927272042671,0.0
校准后,0.924,0.0,0.0,,0.0,2085.223935000261,26262.733508605124,-7654.927272042671,0.0
校准后,0.925,0.0,0.0,,0.0,2085.223935000261,26262.733508605124,-7654.927272042671,0.0
校准后,0.926,0.0,0.0,,0.0,2085.223935000261,26262.733508605124,-7654.927272042671,0.0
校准后,0.927,0.0,0.0,,0.0,2085.223935000261,26262.733508605124,-7654.927272042671,0.0
校准后,0.928,0.0,0.0,,0.0,2085.223935000261,26262.733508605124,-7654.927272042671,0.0
校准后,0.929,0.0,0.0,,0.0,2085.223935000261,26262.733508605124,-7654.927272042671,0.0
校准后,0.93,0.0,0.0,,0.0,2085.223935000261,26262.733508605124,-7654.927272042671,0.0
校准后,0.931,0.0,0.0,,0.0,2085.223935000261,26262.733508605124,-7654.927272042671,0.0
校准后,0.932,0.0,0.0,,0.0,2085.223935000261,26262.733508605124,-7654.927272042671,0.0
校准后,0.933,0.0,0.0,,0.0,2085.223935000261,26262.733508605124,-7654.927272042671,0.0
校准后,0.934,0.0,0.0,,0.0,2085.223935000261,26262.733508605124,-7654.927272042671,0.0
校准后,0.935,0.0,0.0,,0.0,2085.223935000261,26262.733508605124,-7654.927272042671,0.0
校准后,0.936,0.0,0.0,,0.0,2085.223935000261,26262.733508605124,-7654.927272042671,0.0
校准后,0.937,0.0,0.0,,0.0,2085.223935000261,26262.733508605124,-7654.927272042671,0.0
校准后,0.9380000000000001,0.0,0.0,,0.0,2085.223935000261,26262.733508605124,-7654.927272042671,0.0
校准后,0.9390000000000001,0.0,0.0,,0.0,2085.223935000261,26262.733508605124,-7654.927272042671,0.0
校准后,0.9400000000000001,0.0,0.0,,0.0,2085.223935000261,26262.733508605124,-7654.927272042671,0.0
校准后,0.9410000000000001,0.0,0.0,,0.0,2085.223935000261,26262.733508605124,-7654.927272042671,0.0
校准后,0.9420000000000001,0.0,0.0,,0.0,2085.223935000261,26262.733508605124,-7654.927272042671,0.0
校准后,0.9430000000000001,0.0,0.0,,0.0,2085.223935000261,26262.733508605124,-7654.927272042671,0.0
校准后,0.9440000000000001,0.0,0.0,,0.0,2085.223935000261,26262.733508605124,-7654.927272042671,0.0
校准后,0.9450000000000001,0.0,0.0,,0.0,2085.223935000261,26262.733508605124,-7654.927272042671,0.0
校准后,0.9460000000000001,0.0,0.0,,0.0,2085.223935000261,26262.733508605124,-7654.927272042671,0.0
校准后,0.9470000000000001,0.0,0.0,,0.0,2085.223935000261,26262.733508605124,-7654.927272042671,0.0
校准后,0.9480000000000001,0.0,0.0,,0.0,2085.223935000261,26262.733508605124,-7654.927272042671,0.0
校准后,0.9490000000000001,0.0,0.0,,0.0,2085.223935000261,26262.733508605124,-7654.927272042671,0.0
校准后,0.9500000000000001,0.0,0.0,,0.0,2085.223935000261,26262.733508605124,-7654.927272042671,0.0
校准后,0.9510000000000001,0.0,0.0,,0.0,2085.223935000261,26262.733508605124,-7654.927272042671,0.0
校准后,0.9520000000000001,0.0,0.0,,0.0,2085.223935000261,26262.733508605124,-7654.927272042671,0.0
校准后,0.9530000000000001,0.0,0.0,,0.0,2085.223935000261,26262.733508605124,-7654.927272042671,0.0
校准后,0.9540000000000001,0.0,0.0,,0.0,2085.223935000261,26262.733508605124,-7654.927272042671,0.0
校准后,0.9550000000000001,0.0,0.0,,0.0,2085.223935000261,26262.733508605124,-7654.927272042671,0.0
校准后,0.9560000000000001,0.0,0.0,,0.0,2085.223935000261,26262.733508605124,-7654.927272042671,0.0
校准后,0.9570000000000001,0.0,0.0,,0.0,2085.223935000261,26262.733508605124,-7654.927272042671,0.0
校准后,0.9580000000000001,0.0,0.0,,0.0,2085.223935000261,26262.733508605124,-7654.927272042671,0.0
校准后,0.9590000000000001,0.0,0.0,,0.0,2085.223935000261,26262.733508605124,-7654.927272042671,0.0
校准后,0.96,0.0,0.0,,0.0,2085.223935000261,26262.733508605124,-7654.927272042671,0.0
校准后,0.961,0.0,0.0,,0.0,2085.223935000261,26262.733508605124,-7654.927272042671,0.0
校准后,0.962,0.0,0.0,,0.0,2085.223935000261,26262.733508605124,-7654.927272042671,0.0
校准后,0.963,0.0,0.0,,0.0,2085.223935000261,26262.733508605124,-7654.927272042671,0.0
校准后,0.964,0.0,0.0,,0.0,2085.223935000261,26262.733508605124,-7654.927272042671,0.0
校准后,0.965,0.0,0.0,,0.0,2085.223935000261,26262.733508605124,-7654.927272042671,0.0
校准后,0.966,0.0,0.0,,0.0,2085.223935000261,26262.733508605124,-7654.927272042671,0.0
校准后,0.967,0.0,0.0,,0.0,2085.223935000261,26262.733508605124,-7654.927272042671,0.0
校准后,0.968,0.0,0.0,,0.0,2085.223935000261,26262.733508605124,-7654.927272042671,0.0
校准后,0.969,0.0,0.0,,0.0,2085.223935000261,26262.733508605124,-7654.927272042671,0.0
校准后,0.97,0.0,0.0,,0.0,2085.223935000261,26262.733508605124,-7654.927272042671,0.0
校准后,0.971,0.0,0.0,,0.0,2085.223935000261,26262.733508605124,-7654.927272042671,0.0
校准后,0.972,0.0,0.0,,0.0,2085.223935000261,26262.733508605124,-7654.927272042671,0.0
校准后,0.973,0.0,0.0,,0.0,2085.223935000261,26262.733508605124,-7654.927272042671,0.0
校准后,0.974,0.0,0.0,,0.0,2085.223935000261,26262.733508605124,-7654.927272042671,0.0
校准后,0.975,0.0,0.0,,0.0,2085.223935000261,26262.733508605124,-7654.927272042671,0.0
校准后,0.976,0.0,0.0,,0.0,2085.223935000261,26262.733508605124,-7654.927272042671,0.0
校准后,0.977,0.0,0.0,,0.0,2085.223935000261,26262.733508605124,-7654.927272042671,0.0
校准后,0.978,0.0,0.0,,0.0,2085.223935000261,26262.733508605124,-7654.927272042671,0.0
校准后,0.979,0.0,0.0,,0.0,2085.223935000261,26262.733508605124,-7654.927272042671,0.0
校准后,0.98,0.0,0.0,,0.0,2085.223935000261,26262.733508605124,-7654.927272042671,0.0
校准后,0.981,0.0,0.0,,0.0,2085.223935000261,26262.733508605124,-7654.927272042671,0.0
校准后,0.982,0.0,0.0,,0.0,2085.223935000261,26262.733508605124,-7654.927272042671,0.0
校准后,0.983,0.0,0.0,,0.0,2085.223935000261,26262.733508605124,-7654.927272042671,0.0
校准后,0.984,0.0,0.0,,0.0,2085.223935000261,26262.733508605124,-7654.927272042671,0.0
校准后,0.985,0.0,0.0,,0.0,2085.223935000261,26262.733508605124,-7654.927272042671,0.0
校准后,0.986,0.0,0.0,,0.0,2085.223935000261,26262.733508605124,-7654.927272042671,0.0
校准后,0.987,0.0,0.0,,0.0,2085.223935000261,26262.733508605124,-7654.927272042671,0.0
校准后,0.988,0.0,0.0,,0.0,2085.223935000261,26262.733508605124,-7654.927272042671,0.0
校准后,0.989,0.0,0.0,,0.0,2085.223935000261,26262.733508605124,-7654.927272042671,0.0
校准后,0.99,0.0,0.0,,0.0,2085.223935000261,26262.733508605124,-7654.927272042671,0.0
校准后,0.991,0.0,0.0,,0.0,2085.223935000261,26262.733508605124,-7654.927272042671,0.0
校准后,0.992,0.0,0.0,,0.0,2085.223935000261,26262.733508605124,-7654.927272042671,0.0
校准后,0.993,0.0,0.0,,0.0,2085.223935000261,26262.733508605124,-7654.927272042671,0.0
校准后,0.994,0.0,0.0,,0.0,2085.223935000261,26262.733508605124,-7654.927272042671,0.0
校准后,0.995,0.0,0.0,,0.0,2085.223935000261,26262.733508605124,-7654.927272042671,0.0
校准后,0.996,0.0,0.0,,0.0,2085.223935000261,26262.733508605124,-7654.927272042671,0.0
校准后,0.997,0.0,0.0,,0.0,2085.223935000261,26262.733508605124,-7654.927272042671,0.0
校准后,0.998,0.0,0.0,,0.0,2085.223935000261,26262.733508605124,-7654.927272042671,0.0
校准后,0.999,0.0,0.0,,0.0,2085.223935000261,26262.733508605124,-7654.927272042671,0.0
